"id","startTime","endTime","text","title"
"1",453370,457748,"Is it worth the waiting forIf we live till 94?","Oliver!"
"2",458041,462503,"All we ever get is gruel","Oliver!"
"3",462712,467174,"Every day we say our prayerWill they change the bill of fare?","Oliver!"
"4",467384,471595,"Still we get the same old gruel!","Oliver!"
"5",471930,476100,"There's not a crustNot a crumb can we find","Oliver!"
"6",476226,480604,"Can we beg, can we borrow or cadge","Oliver!"
"7",480772,485568,"But there's nothing to stop usfrom getting a thrill","Oliver!"
"8",485652,492449,"When we all close our eyes and imagine","Oliver!"
"9",492576,495619,"Food, glorious food!","Oliver!"
"10",495954,498914,"Hot sausage and mustard!","Oliver!"
"11",499082,505421,"While we're in the moodCold jelly and custard!","Oliver!"
"12",506089,512011,"Peas, pudding and saveloys!What next is the question","Oliver!"
"13",512429,519018,"Rich gentlemen have it, boysIndigestion!","Oliver!"
"14",520604,522313,"Food!","Oliver!"
"15",522439,525441,"We're anxious to try it","Oliver!"
"16",525775,528652,"Three banquets a day","Oliver!"
"17",528945,531280,"Our favorite diet!","Oliver!"
"18",532032,536619,"Just picture a great big steakFried, roasted or stewed","Oliver!"
"19",536703,539079,"Oh, food!Wonderful food!","Oliver!"
"20",539164,542124,"Marvelous food!Glorious food!","Oliver!"
"21",545962,548964,"Food, glorious food!","Oliver!"
"22",549132,551842,"Don't care what it looks like","Oliver!"
"23",552135,555429,"Burnt, underdone, crude","Oliver!"
"24",555513,558349,"Don't care what the cook's like","Oliver!"
"25",558808,561727,"Just thinking of growing fat","Oliver!"
"26",562020,564897,"Our senses go reeling","Oliver!"
"27",565232,570986,"One moment of knowing thatFull-up feeling!","Oliver!"
"28",571696,574323,"Food, glorious food!","Oliver!"
"29",574658,577076,"What wouldn't we give for","Oliver!"
"30",577535,580079,"That extra bit more","Oliver!"
"31",580538,583332,"That's all that we live for","Oliver!"
"32",583500,587753,"Why should we be fated toDo nothing but brood","Oliver!"
"33",587837,590256,"Oh, foodMagical food","Oliver!"
"34",590340,593342,"Wonderful foodMarvelous food","Oliver!"
"35",593551,596345,"Heavenly foodBeautiful food","Oliver!"
"36",597430,604603,"Glorious food!","Oliver!"
"37",631965,635217,"For what you are about to receive","Oliver!"
"38",635552,640973,"May the Lord make you truly thankful","Oliver!"
"39",642809,648564,"Amen","Oliver!"
"40",728395,731313,"Please, sir, I want some more.","Oliver!"
"41",732649,733816,"What?","Oliver!"
"42",735693,736902,"Please, sir,","Oliver!"
"43",738488,741532,"I want some more.","Oliver!"
"44",743243,744701,"More?","Oliver!"
"45",747664,749123,"-Catch him!-Snatch him!","Oliver!"
"46",749207,750582,"-Hold him!-Scold him!","Oliver!"
"47",750667,752000,"Pounce him! Trounce him!","Oliver!"
"48",752085,753335,"Pick him up and bounce him!","Oliver!"
"49",786035,788120,"Wait!","Oliver!"
"50",789122,792749,"Before we take the lad to task","Oliver!"
"51",793042,799715,"May I be so curious as to askhis name?","Oliver!"
"52",800300,803427,"Oliver","Oliver!"
"53",803803,805888,"Oliver Twist, Mr. Bumble.","Oliver!"
"54",805972,809725,"-You named him so yourself.-So that's who he is!","Oliver!"
"55",815899,820444,"Oliver! Oliver!Never before has a boy wanted more!","Oliver!"
"56",820570,822488,"Oliver! Oliver!","Oliver!"
"57",822572,824948,"Won't ask for morewhen he knows what's in store","Oliver!"
"58",825074,829578,"There's a dark, thin, windingStairway without any banister","Oliver!"
"59",829746,831955,"Which we'll throw him down","Oliver!"
"60",832081,835042,"And feed him on cockroachesServed in a canister","Oliver!"
"61",835126,837294,"Oliver! Oliver!","Oliver!"
"62",837420,839630,"What will he dowhen he's turned black and blue?","Oliver!"
"63",839756,844259,"He will rue the daySomebody named him Oliver!","Oliver!"
"64",845011,849765,"Oliver, OliverNever before has a boy wanted more!","Oliver!"
"65",849849,852100,"Oliver! Oliver!","Oliver!"
"66",852185,854686,"Won't ask for morewhen he knows what's in store","Oliver!"
"67",856606,861109,"There's a long, thin, windingStairway without any banister","Oliver!"
"68",861361,863487,"Which we'll throw him down","Oliver!"
"69",863613,866490,"And feed him on cockroachesServed in a canister","Oliver!"
"70",866616,868909,"Oliver! Oliver!","Oliver!"
"71",868993,872496,"What, heavens pray, will the governors say?","Oliver!"
"72",872789,878168,"They will lay the blameOn the one who named him","Oliver!"
"73",880171,884216,"Oliver!","Oliver!"
"74",913496,915205,"-Out!-Out!","Oliver!"
"75",930888,935267,"One boy","Oliver!"
"76",935351,938854,"Boy for sale","Oliver!"
"77",938938,942232,"He's going cheap","Oliver!"
"78",942317,943650,"How much, then?","Oliver!"
"79",943776,946486,"Only seven guineas","Oliver!"
"80",946571,947613,"How much?","Oliver!"
"81",948156,953368,"That or thereabout","Oliver!"
"82",963379,967549,"Fine boy","Oliver!"
"83",967634,971178,"Boy for sale","Oliver!"
"84",971262,975932,"He's yours to keep","Oliver!"
"85",976017,980604,"For 1,000 pennies","Oliver!"
"86",980688,984691,"You can work it out","Oliver!"
"87",984776,987736,"That's four pounds, three and fourSlightly under four guineas","Oliver!"
"88",987820,989446,"Knocked down from seven guineas","Oliver!"
"89",989530,990947,"Three pounds, ten shillings.","Oliver!"
"90",991032,993367,"Three pounds what, sir?","Oliver!"
"91",993785,997037,"Certainly not, sir","Oliver!"
"92",1005630,1010717,"Any advance on three pounds ten, then?","Oliver!"
"93",1012679,1017724,"Going","Oliver!"
"94",1019560,1024690,"Gone","Oliver!"
"95",1025400,1032614,"I could not sayHe isn't very greedy","Oliver!"
"96",1034117,1036243,"I dare not","Oliver!"
"97",1036494,1043041,"I'd be telling you a tale","Oliver!"
"98",1043543,1048004,"One boy","Oliver!"
"99",1048089,1051842,"Boy for sale","Oliver!"
"100",1051926,1055554,"Come take a peek","Oliver!"
"101",1056889,1063019,"Have you ever seenas nice a boy","Oliver!"
"102",1063187,1070485,"for sale?","Oliver!"
"103",1078828,1082330,"-How much did you say?-Only three guineas, Mr. Sowerberry.","Oliver!"
"104",1082498,1086001,"-A bargain, if ever there was one.-I was looking for a boy.","Oliver!"
"105",1086210,1089171,"All right, bring him in, Mr. Bumble.Bring him in.","Oliver!"
"106",1090506,1091548,"Ah, my love.","Oliver!"
"107",1091841,1095135,"I said we might consider taking this boy","Oliver!"
"108",1095219,1097345,"to help in the shop.","Oliver!"
"109",1098347,1101016,"Dear me. He's very small.","Oliver!"
"110",1101851,1106605,"Oh, he is rather small, there's no denying,but he'll grow, Mrs. Sowerberry. He'll grow.","Oliver!"
"111",1106689,1109691,"I daresay he will.On our vittles and our drink!","Oliver!"
"112",1109776,1112861,"These workhouse boysalways cost more than they're worth.","Oliver!"
"113",1112945,1115655,"-Where did he come from?-Mother came to us destitute.","Oliver!"
"114",1115740,1118658,"She brings a child into the world,takes one look at him and promptly dies","Oliver!"
"115",1118743,1121036,"without leaving so muchas a forwarding name and address.","Oliver!"
"116",1121204,1125332,"So here he is, yours for three guineas,as agreed. Cash on delivery.","Oliver!"
"117",1125416,1129711,"Oh, no. No, Mr. Bumble, no, no.Cash upon liking. A week on approval.","Oliver!"
"118",1130546,1133632,"If we get enough work out of himwithout putting too much food into him,","Oliver!"
"119",1133716,1135217,"-then we'll keep him.-But he's...","Oliver!"
"120",1135301,1138178,"He can help Noah Claypoleput the shutters up. Do you hear, now?","Oliver!"
"121",1138262,1140847,"Then he can clean out the stables,fill the lamps and sweep the yard.","Oliver!"
"122",1140932,1142474,"I'll look after him, missus.","Oliver!"
"123",1142558,1147229,"You see, my dear, it occurred to methat he'd make a delightful coffin-follower.","Oliver!"
"124",1148731,1150649,"That expression of melancholy.","Oliver!"
"125",1150733,1154069,"It's very interesting,don't you think so, my love?","Oliver!"
"126",1154153,1158949,"I don't mean a regular coffin-followerto attend grown-up people, no, no, no,","Oliver!"
"127",1159158,1161743,"just at children's funerals.","Oliver!"
"128",1162912,1165080,"A mute in proportion, so to speak?","Oliver!"
"129",1165581,1169251,"Precisely. A superb effect,don't you think so, my love?","Oliver!"
"130",1169752,1173588,"Do you think you could looklike that gentleman up there?","Oliver!"
"131",1176467,1179803,"Perhaps, if I had a tall hat.","Oliver!"
"132",1209125,1211543,"Look, it's Oliver!","Oliver!"
"133",1245661,1247329,"-Noah, come on.-No.","Oliver!"
"134",1256088,1258340,"How's your mother, workhouse?","Oliver!"
"135",1263179,1266890,"You leave my mother out of it. She's dead.","Oliver!"
"136",1271020,1273521,"What did she die of? Shortage of breath?","Oliver!"
"137",1277443,1280528,"You'd better not say anythingabout her to me.","Oliver!"
"138",1280863,1283198,"Don't you be cheeky, workhouse.","Oliver!"
"139",1283366,1288620,"Your mother, she was a nice one.A regular right-down bad one, she was.","Oliver!"
"140",1288704,1290747,"What did you say?","Oliver!"
"141",1290915,1292540,"It's a good thing she died when she did,","Oliver!"
"142",1292625,1295085,"'cause she'd been in prisondoing hard labor...","Oliver!"
"143",1297713,1299297,"Help! Help!","Oliver!"
"144",1304929,1308306,"Get away, you! Get away from him!","Oliver!"
"145",1312728,1314604,"What's going on down here?What are you trying to do,","Oliver!"
"146",1314730,1316147,"wake up the dead or something?","Oliver!"
"147",1316232,1319192,"It's you, you little... Get out of here!","Oliver!"
"148",1319276,1320652,"He started it!","Oliver!"
"149",1321612,1323071,"Come here, you!","Oliver!"
"150",1355271,1357355,"-Quick!-Put the lid on.","Oliver!"
"151",1359942,1360984,"Oh, dear!","Oliver!"
"152",1361110,1362819,"I'm going off. Water!","Oliver!"
"153",1363863,1368116,"Noah, run over to the workhouse.Get Mr. Bumble. Tell him to come quick.","Oliver!"
"154",1387511,1390972,"Well, where is he?Where is the young rascal?","Oliver!"
"155",1396062,1398146,"-Oliver?-Yes, I'm here!","Oliver!"
"156",1398314,1401816,"-Do you know this here voice, Oliver?-Yes, I do!","Oliver!"
"157",1401984,1406321,"Well, ain't you afraid of it, Oliver?Ain't you a-trembling when I speak, Oliver?","Oliver!"
"158",1406655,1408156,"No, I'm not!","Oliver!"
"159",1409825,1413078,"He's gone mad, Mr. Bumble. Or he wouldn'tdare to speak to you like that.","Oliver!"
"160",1413162,1414954,"It's not madness, ma'am, it's meat.","Oliver!"
"161",1415039,1418416,"-Meat?-Meat, ma'am, meat! You overfed the boy.","Oliver!"
"162",1418918,1422837,"You raised an artificial spirit in the ladunbecoming to his station in life.","Oliver!"
"163",1422922,1425090,"This would never have happenedif you kept him on gruel.","Oliver!"
"164",1425174,1428218,"-Gruel?-I'll be glad to give you the recipe.","Oliver!"
"165",1428928,1432305,"-Well, well, well. Having a rest, Mr. Bumble?-He's sitting on Oliver.","Oliver!"
"166",1432389,1436434,"-Quite right. We must all sit on Oliver.-You been drinking again?","Oliver!"
"167",1436769,1440396,"-I met a friend in the cemetery.-Help!","Oliver!"
"168",1442691,1443942,"Who's in there?","Oliver!"
"169",1444193,1447112,"That coffin should not have been occupieduntil tomorrow.","Oliver!"
"170",1447196,1449781,"It's reserved for a very important client.","Oliver!"
"171",1450032,1451199,"Stand back!","Oliver!"
"172",1453786,1456204,"Now, then. What's your explanation,you young scallywag?","Oliver!"
"173",1456288,1457413,"He called my mum a name.","Oliver!"
"174",1457540,1459582,"And what if he did,you ungrateful little wretch?","Oliver!"
"175",1459708,1461668,"She deserved what he said and worse.","Oliver!"
"176",1461752,1462836,"-She didn't!-She did!","Oliver!"
"177",1462920,1464712,"-It's a lie!-Hold your tongue, boy!","Oliver!"
"178",1464797,1467006,"Put him down in the cellar, Mr. Bumble.That'll teach him.","Oliver!"
"179",1467091,1468716,"-My love?-Yes!","Oliver!"
"180",1470719,1472720,"It's really quite comfortable.","Oliver!"
"181",1477393,1479519,"You'll stay down theretill we decide what's to be done with you.","Oliver!"
"182",1479603,1481312,"And here's your baggage, workhouse.","Oliver!"
"183",1481397,1484607,"Three pounds, indeed!You can take him back.","Oliver!"
"184",1525816,1531112,"Where is love?","Oliver!"
"185",1532364,1537952,"Does it fall from skies above?","Oliver!"
"186",1539121,1544709,"Is it underneath the willow tree","Oliver!"
"187",1545294,1551216,"That I've been dreaming of?","Oliver!"
"188",1552968,1559015,"Where is she","Oliver!"
"189",1559141,1564729,"Who I close my eyes to see?","Oliver!"
"190",1565814,1571653,"Will I ever know the sweet hello","Oliver!"
"191",1572279,1578201,"That's meant for only me?","Oliver!"
"192",1579370,1584749,"Who can say where she may hide?","Oliver!"
"193",1585251,1591256,"Must I travel far and wide?","Oliver!"
"194",1591840,1598054,"Till I am beside the someone who","Oliver!"
"195",1598430,1604560,"I can mean something to","Oliver!"
"196",1605187,1612735,"Where","Oliver!"
"197",1612820,1616364,"Is love?","Oliver!"
"198",1623163,1629669,"Every night I kneel and pray","Oliver!"
"199",1630879,1638052,"Let tomorrow be the day","Oliver!"
"200",1639263,1646477,"When I see the face of someone who","Oliver!"
"201",1647396,1653568,"I can mean something to","Oliver!"
"202",1654945,1663911,"Where","Oliver!"
"203",1664830,1669459,"Is love?","Oliver!"
"204",1697237,1699947,"Please help me. Please!","Oliver!"
"205",1876750,1879043,"What you staring at?","Oliver!"
"206",1881004,1883047,"Haven't you never seen a toff?","Oliver!"
"207",1883257,1885925,"No, never. I'm sorry. I didn't...","Oliver!"
"208",1886009,1887468,"Oh, that's all right.","Oliver!"
"209",1890931,1893849,"-Hungry?-Yes, I am. I've come a long way.","Oliver!"
"210",1893976,1896394,"I've been walking for seven days.","Oliver!"
"211",1896770,1898646,"Been running away from the beak,have you?","Oliver!"
"212",1898730,1899981,"The what?","Oliver!"
"213",1900065,1903150,"Now, don't say you don't knowwhat a beak is.","Oliver!"
"214",1903235,1905236,"It's a bird's mouth, isn't it?","Oliver!"
"215",1905529,1908155,"My eyes, how green can you get!","Oliver!"
"216",1908615,1911409,"For your information,a beak is a magistrate.","Oliver!"
"217",1912619,1915621,"Who you running away from, then?Your old man?","Oliver!"
"218",1915706,1917707,"No, I'm an orphan.","Oliver!"
"219",1917833,1920209,"I've come to London to make my fortune.","Oliver!"
"220",1924965,1926382,"Hello.","Oliver!"
"221",1926466,1928259,"You have, have you?","Oliver!"
"222",1929219,1930636,"Got any lodgings?","Oliver!"
"223",1931179,1933306,"-Money?-Not a farthing.","Oliver!"
"224",1934725,1936475,"Do you live in London?","Oliver!"
"225",1938061,1939520,"What the...","Oliver!"
"226",1942858,1946319,"I suppose you want someplaceto sleep tonight, eh?","Oliver!"
"227",1947404,1949113,"Do you know of anywhere?","Oliver!"
"228",1954411,1958748,"As it so happens,I know a respectable old gentleman","Oliver!"
"229",1958832,1961542,"-what'll give you lodgings for nothing.-Really?","Oliver!"
"230",1961627,1963210,"And never ask for the change.","Oliver!"
"231",1963295,1966339,"That is, if any other gentleman he knowsintroduces you.","Oliver!"
"232",1966506,1968257,"And don't he know me?","Oliver!"
"233",1968342,1970676,"He must be a very kind old gentlemen.","Oliver!"
"234",1971428,1974388,"Oh, yes, yes, he's very kind.","Oliver!"
"235",1974723,1977224,"And I'm a particular favorite of his.","Oliver!"
"236",1978143,1982104,"Well, now, if you're coming along,I'd better know who you are.","Oliver!"
"237",1982481,1984815,"My name's Oliver. Oliver Twist.","Oliver!"
"238",1984983,1986651,"And mine's Jack Dawkins.","Oliver!"
"239",1986735,1990154,"Better known among me moreintimate friends as the Artful Dodger.","Oliver!"
"240",1990238,1993532,"Pleased to meet you, Mr. Dodger.Sure the old gentleman won't mind?","Oliver!"
"241",1993742,1995034,"Mind?","Oliver!"
"242",1995160,2001916,"Consider yourself at homeConsider yourself one of the family","Oliver!"
"243",2002334,2009590,"I've taken to you so strongIt's clear we're going to get along","Oliver!"
"244",2009716,2016180,"Consider yourself well inConsider yourself part of the furniture","Oliver!"
"245",2016264,2017306,"Here!","Oliver!"
"246",2017432,2020601,"There isn't a lot to spare","Oliver!"
"247",2020686,2024230,"Who cares?Whatever we got we share!","Oliver!"
"248",2024398,2025856,"If it should chance to be","Oliver!"
"249",2025941,2027983,"We should seeSome harder days","Oliver!"
"250",2028068,2031112,"Empty-larder daysWhy grouse?","Oliver!"
"251",2031697,2034907,"Always a chance we'll meetSomebody to foot the bill","Oliver!"
"252",2035325,2038327,"Then the drinks are on the house!","Oliver!"
"253",2039079,2045501,"Consider yourself our mateWe don't want to have no fuss","Oliver!"
"254",2046294,2049880,"For after some considerationwe can state","Oliver!"
"255",2049965,2052967,"Consider yourselfOne of us!","Oliver!"
"256",2063770,2065354,"Consider yourself","Oliver!"
"257",2065480,2066897,"At home?","Oliver!"
"258",2067315,2068899,"Consider yourself","Oliver!"
"259",2069067,2070776,"One of the family?","Oliver!"
"260",2070861,2072486,"We've taken to you","Oliver!"
"261",2072654,2074071,"So strong?","Oliver!"
"262",2074364,2077783,"It's clearWe're going to get along","Oliver!"
"263",2077868,2079535,"Consider yourself","Oliver!"
"264",2079619,2080911,"Well in?","Oliver!"
"265",2081455,2084498,"Consider yourself part of the furniture","Oliver!"
"266",2085083,2088377,"There isn't a lot to spare","Oliver!"
"267",2088462,2092423,"Who cares? Whatever we got, we share","Oliver!"
"268",2093967,2100890,"Nobody tries to be la-di-da and uppityThere's a cup o' tea for all","Oliver!"
"269",2101141,2104560,"Only it's wise to be handywith a rolling pin","Oliver!"
"270",2104644,2108230,"When the landlord comes to call!","Oliver!"
"271",2148230,2154985,"Consider yourself our mateWe don't want to have no fuss","Oliver!"
"272",2155529,2159031,"For after some consideration we can state","Oliver!"
"273",2159115,2161826,"Consider yourselfOne of us!","Oliver!"
"274",2164746,2171627,"Consider yourself at homeConsider yourself one of the family","Oliver!"
"275",2171753,2174421,"We've taken to you so strong","Oliver!"
"276",2174506,2178175,"It's clear we're going to get along","Oliver!"
"277",2178260,2180219,"Hammer up, hammer down!Hammer up, hammer down!","Oliver!"
"278",2180303,2182096,"Lift, drop! Lift, down!","Oliver!"
"279",2182180,2186642,"Up! Not too slow, boys. There you go, boys.Hammer up, hammer down! Lift, down!","Oliver!"
"280",2186726,2190896,"Up! Out! Down! Lift! Drop!Hammer up! Hammer down! Lift, down!","Oliver!"
"281",2248747,2251790,"-Help!-Help!","Oliver!"
"282",2310350,2311475,"If it should chance to be","Oliver!"
"283",2311559,2313727,"We should seeSome harder days","Oliver!"
"284",2313812,2316897,"Empty-larder daysWhy grouse?","Oliver!"
"285",2317399,2320901,"Always a chance we'll meetSomebody to foot the bill","Oliver!"
"286",2320986,2323862,"Then the drinks are on the house!","Oliver!"
"287",2323947,2325781,"Are on the house","Oliver!"
"288",2325865,2329201,"Are on the house, are on the houseAre on the house, are on the house","Oliver!"
"289",2329285,2333914,"Are on the house","Oliver!"
"290",2333999,2340963,"Consider yourself at homeConsider yourself one of the family","Oliver!"
"291",2341172,2348137,"We've taken to you so strongIt's clear we're going to get along","Oliver!"
"292",2348388,2355060,"Consider yourself well inConsider yourself part of the furniture","Oliver!"
"293",2355478,2358939,"There isn't a lot to spare","Oliver!"
"294",2359107,2362568,"Who cares? Whatever we got we share!","Oliver!"
"295",2362652,2369616,"Nobody tries to be la-di-da and uppityThere's a cup o' tea for all","Oliver!"
"296",2369826,2373370,"Only it's wise to be handywith a rolling pin","Oliver!"
"297",2373455,2376874,"When the landlord comes to call!","Oliver!"
"298",2377083,2384089,"Consider yourself our mateWe don't want to have no fuss","Oliver!"
"299",2384174,2387760,"For after some consideration we can state","Oliver!"
"300",2387844,2391847,"Consider yourself, consider yourselfConsider yourself, consider yourself","Oliver!"
"301",2391931,2394850,"Consider yourself","Oliver!"
"302",2394934,2396894,"One of us!","Oliver!"
"303",2422670,2424713,"It's Dodger! Coming up.","Oliver!"
"304",2449280,2450322,"Dodger.","Oliver!"
"305",2450824,2451990,"Oliver!","Oliver!"
"306",2455036,2456787,"Up you go.","Oliver!"
"307",2462710,2465546,"-Not again!-Get out!","Oliver!"
"308",2488820,2491446,"Hey, Fagin,I brought my new friend to see you.","Oliver!"
"309",2492073,2493574,"Oliver Twist.","Oliver!"
"310",2502876,2504459,"Sir.","Oliver!"
"311",2514596,2518807,"I hope I shall have the honorof your intimate acquaintance.","Oliver!"
"312",2519225,2523145,"We are very glad to see you, Oliver. Very.","Oliver!"
"313",2523229,2525314,"Aren't we, my dears?","Oliver!"
"314",2525398,2527983,"-Oh, yeah, Fagin!-Yes, Fagin!","Oliver!"
"315",2532280,2535282,"Give me back my things! Leave it! Leave it!","Oliver!"
"316",2537035,2538702,"Leave him alone!","Oliver!"
"317",2538786,2544291,"Dodger, take off the sausages.Charlie, lay a place at the table for Mr. Twist.","Oliver!"
"318",2547212,2551340,"Dodger tells me you have come to Londonto seek your fortune, Oliver.","Oliver!"
"319",2551424,2552507,"Yes, sir.","Oliver!"
"320",2552592,2556595,"Well, we must see what we can doto help you, mustn't we?","Oliver!"
"321",2557222,2561099,"-Thank you, sir.-These sausages are moldy!","Oliver!"
"322",2561309,2563560,"Shut up and drink your gin!","Oliver!"
"323",2566522,2570234,"You're staring at the pocket handkerchiefs,eh, my dear?","Oliver!"
"324",2570985,2573987,"We just hung them upready for the wash, that's all.","Oliver!"
"325",2576950,2580702,"-Is this a laundry, then, sir?-Yeah, that's right. A laundry!","Oliver!"
"326",2580787,2585457,"Not exactly, my boy. I suppose a laundrywould be a very nice thing indeed.","Oliver!"
"327",2585667,2591296,"But our line of business pays a little better.Don't it, boys?","Oliver!"
"328",2592882,2594591,"You see, Oliver...","Oliver!"
"329",2594676,2600013,"In this life, one thing countsIn the bank, large amounts!","Oliver!"
"330",2600098,2604726,"I'm afraid these don't grow on treesYou've got to pick a pocket or two","Oliver!"
"331",2604811,2609523,"You've got to pick a pocket or two, boys","Oliver!"
"332",2610900,2613318,"You've got to pick a pocket or two","Oliver!"
"333",2613695,2618031,"Large amounts don't grow on treesYou've got to pick a pocket or two","Oliver!"
"334",2618116,2620784,"Let's show Oliver how to do it, my dears!","Oliver!"
"335",2623121,2625414,"Just a game, Oliver, just a game.","Oliver!"
"336",2650273,2655485,"Why should we break our backsStupidly paying tax?","Oliver!"
"337",2655570,2659990,"Better get some untaxed incomeBetter pick a pocket or two","Oliver!"
"338",2660074,2664745,"You've got to pick a pocket or two, boys","Oliver!"
"339",2665371,2668123,"You've got to pick a pocket or two","Oliver!"
"340",2668708,2671209,"Why should we all break our backs?","Oliver!"
"341",2671377,2674629,"Better pick a pocket or two","Oliver!"
"342",2680470,2685307,"Robin Hood, what a crookGave away what he took","Oliver!"
"343",2685600,2690103,"Charity's fine, subscribe to mineGet out and pick a pocket or two","Oliver!"
"344",2690229,2694775,"You've got to pick a pocket or two, boys","Oliver!"
"345",2698279,2700447,"Robin Hood was far too good","Oliver!"
"346",2700531,2703116,"Get out and pick a pocket or two","Oliver!"
"347",2720676,2725931,"Take a tip from Bill SikesHe can whip what he likes","Oliver!"
"348",2726057,2730519,"I recall, he started smallHe had to pick a pocket or two","Oliver!"
"349",2730686,2735315,"You've got to pick a pocket or two, boys","Oliver!"
"350",2737026,2741029,"You've got to pick a pocket or two","Oliver!"
"351",2741322,2746326,"We could be like old Bill SikesIf we pick a pocket or two","Oliver!"
"352",2752125,2757295,"Dear old gent passing bySomething nice takes his eye","Oliver!"
"353",2757463,2762008,"Everything's clear, attack the rear!Get in and pick a pocket or two","Oliver!"
"354",2762093,2767222,"You've got to pick a pocket or two, boys","Oliver!"
"355",2767849,2770350,"You've got to pick a pocket or two","Oliver!"
"356",2770643,2775564,"Have no fear, attack the rearGet in and pick a pocket or two","Oliver!"
"357",2776232,2781445,"When I see someone richBoth my thumbs start to itch","Oliver!"
"358",2781571,2786158,"Only to find some peace of mindI have to pick a pocket or two","Oliver!"
"359",2786242,2791830,"You've got to pick a pocket or two, boys","Oliver!"
"360",2801591,2804009,"You've got to pick a pocket or two","Oliver!"
"361",2804218,2807345,"Just to find some peace of mind","Oliver!"
"362",2808097,2815312,"We have to pick a pocket or two!","Oliver!"
"363",2820109,2821776,"Put them all back in the box!","Oliver!"
"364",2821861,2823612,"-Oh, why must we?-Why?","Oliver!"
"365",2828493,2830952,"All of them.","Oliver!"
"366",2835124,2836166,"Come here!","Oliver!"
"367",2840755,2843423,"Good boy. What a crook!","Oliver!"
"368",2844884,2848553,"We've all been hard at work today,haven't we, my dears?","Oliver!"
"369",2849680,2851765,"And what have you got, Dodger?","Oliver!"
"370",2851849,2853475,"-A couple of wallets.-Lined?","Oliver!"
"371",2853559,2855185,"Only the best.","Oliver!"
"372",2855686,2858563,"Not as heavy as they might be.","Oliver!"
"373",2858898,2861608,"But very nicely made.","Oliver!"
"374",2862318,2867030,"-Ingenious workman, ain't he, Oliver?-Does he make these himself?","Oliver!"
"375",2867114,2871284,"-With his own lily-white hands!-What have you got, Charlie?","Oliver!"
"376",2871702,2874913,"-A couple of wipes.-Well, they're very good ones. Very.","Oliver!"
"377",2875414,2880544,"But you haven't embroidered themtoo well, though, have you, Charlie?","Oliver!"
"378",2880628,2884256,"So we'll have to pick the initials outwith a needle.","Oliver!"
"379",2884715,2888051,"You'll need to learn how to do this, too,Oliver, my dear. Won't he, boys?","Oliver!"
"380",2888135,2889469,"-Yeah, the trademark.-The trademark.","Oliver!"
"381",2889554,2892889,"In the meantime,you must learn how to make wallets.","Oliver!"
"382",2893307,2895892,"Like the Dodger. You'd like that,wouldn't you, my dear?","Oliver!"
"383",2895977,2898687,"Yes, Mr. Fagin, if you'll teach me.","Oliver!"
"384",2898938,2901439,"Certainly, my boy, no fee.","Oliver!"
"385",2901732,2904401,"Just do everythingthat Dodger and the others do.","Oliver!"
"386",2904485,2907946,"Make them your models, my dear,especially Dodger.","Oliver!"
"387",2908072,2911032,"He's going to be a right little Bill Sikes.","Oliver!"
"388",2912159,2915078,"Who's Bill Sikes, Mr. Fagin?","Oliver!"
"389",2918583,2920834,"He's a very clever gentleman.","Oliver!"
"390",2921419,2923128,"You'll meet him tomorrow.","Oliver!"
"391",2923337,2925755,"Maybe. Now is it possible, perchance,","Oliver!"
"392",2926173,2930260,"that my kerchief is protrudingfrom my pocket?","Oliver!"
"393",2931053,2933680,"-Yes. I can just see the edge.-Can you?","Oliver!"
"394",2933889,2937809,"Well, then. See if you can take it outwithout my feeling it,","Oliver!"
"395",2938102,2940103,"like you saw the others do.","Oliver!"
"396",2953200,2958788,"You've got to pick a pocket or two, boys","Oliver!"
"397",2958873,2963501,"You've got to pick a pocket or two","Oliver!"
"398",2965880,2968340,"Is it gone?","Oliver!"
"399",2972094,2974554,"Yes, Mr. Fagin. Look!","Oliver!"
"400",2978017,2980518,"Well, that's a surprise, I must say.","Oliver!"
"401",2980895,2986274,"You're a clever boy, Oliver.I never saw a sharper lad.","Oliver!"
"402",2986817,2989277,"Here's a shilling for you.","Oliver!"
"403",2991614,2993490,"I have to go to the bank.","Oliver!"
"404",2994116,2996951,"Now, bedtime, all of you!There's a hard day's work ahead!","Oliver!"
"405",2997119,2998745,"Close the shutters!","Oliver!"
"406",3005419,3007087,"Where do I sleep, sir?","Oliver!"
"407",3009757,3011049,"Over here, my dear.","Oliver!"
"408",3011759,3013051,"Settle down!","Oliver!"
"409",3013177,3016137,"Dodger, take your hat off in bed!Where's your manners?","Oliver!"
"410",3017306,3019849,"Here, my dear, have a good sleep.","Oliver!"
"411",3021143,3023770,"There, that's it.","Oliver!"
"412",3023854,3026147,"Put you up right. There.","Oliver!"
"413",3039036,3040495,"If you go on","Oliver!"
"414",3040996,3043123,"the way you started,","Oliver!"
"415",3043708,3048044,"you will be the greatest man of all time.","Oliver!"
"416",3052425,3054342,"Sweet dreams, Oliver.","Oliver!"
"417",3059473,3061141,"Sweet dreams.","Oliver!"
"418",3063436,3065186,"Good night, sir.","Oliver!"
"419",3073154,3080243,"You've got to pick a pocket or two, boys","Oliver!"
"420",3084039,3091045,"You've got to pick a pocket or two","Oliver!"
"421",3187810,3189894,"Is he here?","Oliver!"
"422",3190354,3192897,"Mr. Sikes. Has he come yet?","Oliver!"
"423",3193107,3195525,"Nancy's inside waiting for him.","Oliver!"
"424",3220467,3224429,"-And how's business? Nice and brisk?-Don't burn your fingers, will you?","Oliver!"
"425",3224597,3228182,"I never do, my dear. Not if I can help it.","Oliver!"
"426",3245868,3247160,"Nancy!","Oliver!"
"427",3247536,3250163,"Nancy! He's back! He's here!","Oliver!"
"428",3250372,3251414,"Nancy.","Oliver!"
"429",3307388,3312558,"Beautiful.","Oliver!"
"430",3327157,3328533,"You done well, Bill.","Oliver!"
"431",3330452,3331953,"All one job?","Oliver!"
"432",3340170,3342005,"Such a professional.","Oliver!"
"433",3350514,3352181,"Now, Bill...","Oliver!"
"434",3354226,3357687,"Bill. Carry cash? At this time of night?","Oliver!"
"435",3357771,3361190,"All those thieves and robberslurking in dark alleyways?","Oliver!"
"436",3361692,3363359,"I wouldn't dare.","Oliver!"
"437",3364528,3367238,"Besides, I've got to price it first.","Oliver!"
"438",3370534,3373453,"Nancy's waiting. Give you a good supper.","Oliver!"
"439",3377708,3379000,"Tomorrow, Bill.","Oliver!"
"440",3380461,3382003,"My word on it.","Oliver!"
"441",3416997,3421417,"Small pleasures, small pleasures","Oliver!"
"442",3421543,3424712,"Who would deny us these?","Oliver!"
"443",3425005,3431719,"Gin toddies, large measuresNo skimping if you please!","Oliver!"
"444",3432012,3439227,"I rough it, I love itLife is a game of chance","Oliver!"
"445",3439561,3443606,"I never tire of it","Oliver!"
"446",3443857,3449445,"Leading a merry dance","Oliver!"
"447",3450656,3454784,"If you don't mindhaving to go without things","Oliver!"
"448",3454868,3458037,"It's a fine life!","Oliver!"
"449",3458122,3461457,"Though it ain't all jolly old pleasure outings","Oliver!"
"450",3461542,3465044,"It's a fine life!","Oliver!"
"451",3465170,3471467,"When you've got someone to loveYou forget your care and strife","Oliver!"
"452",3471635,3475096,"Let the prudes look down on usLet the wide world frown on us","Oliver!"
"453",3475222,3492155,"It's a fine, fine life!","Oliver!"
"454",3492865,3498786,"Who cares if strait-lacesSneer at us in the street?","Oliver!"
"455",3499163,3505293,"Fine airs and fine gracesDon't have to sin to eat","Oliver!"
"456",3505627,3511966,"We wander through LondonWho knows what we may find?","Oliver!"
"457",3512134,3519348,"There's pockets left undoneOn many a behind","Oliver!"
"458",3522978,3526564,"If you don't mind taking it like it turns out","Oliver!"
"459",3526648,3529859,"It's a fine life!","Oliver!"
"460",3529943,3533070,"Keep the candle burning until it burns out","Oliver!"
"461",3533155,3536407,"It's a fine life!","Oliver!"
"462",3536491,3542872,"Though you sometimes do come byThe occasional black eye","Oliver!"
"463",3542956,3546125,"You can always cover oneTill he blacks the other one","Oliver!"
"464",3546210,3549629,"But you don't dare cry","Oliver!"
"465",3549963,3556135,"No flounces, no feathersNo frills and furbelows","Oliver!"
"466",3556303,3562558,"All winds and all weatherAin't good for fancy clothes","Oliver!"
"467",3562726,3564227,"These trappings","Oliver!"
"468",3564311,3565811,"These tatters","Oliver!"
"469",3565896,3569232,"These we can just afford","Oliver!"
"470",3569399,3572610,"What future? What matters?","Oliver!"
"471",3572694,3578282,"We've got our bed and board","Oliver!"
"472",3578367,3582078,"If you don't mind having to deal with Fagin","Oliver!"
"473",3582204,3585539,"It's a fine life!","Oliver!"
"474",3585666,3588918,"Though diseased ratsthreaten to bring the plague in","Oliver!"
"475",3589002,3592171,"It's a fine life!","Oliver!"
"476",3592256,3598761,"And the grass is green and denseOn the right side of the fence","Oliver!"
"477",3598929,3602265,"So we take good care of itThat we get our share of it","Oliver!"
"478",3602349,3605768,"And we don't mean pence","Oliver!"
"479",3610399,3613609,"If you don't mind having to like or lump it","Oliver!"
"480",3613694,3615236,"It's a fine life!","Oliver!"
"481",3615362,3616946,"It's a fine...","Oliver!"
"482",3617030,3620157,"Though there's no tea-sippingand eating crumpets","Oliver!"
"483",3620242,3625538,"It's a fine life!","Oliver!"
"484",3633797,3637550,"Not for me, the happy home","Oliver!"
"485",3638552,3641929,"Happy husband, happy wife","Oliver!"
"486",3643932,3650313,"Though it sometimes touches meFor the likes of such as me","Oliver!"
"487",3652733,3659822,"Mine's a fine, fine life!","Oliver!"
"488",3689603,3692021,"Bull's-eye! Come here, will you? Bull's-eye!","Oliver!"
"489",3692105,3693814,"Bull's-eye! Come here!","Oliver!"
"490",3709998,3713125,"Worth all the rest put together.","Oliver!"
"491",3763218,3766679,"Can I help it? This is my private treasure.","Oliver!"
"492",3767180,3769890,"My little pleasure. A cup of coffee","Oliver!"
"493",3772769,3775688,"and a quick count-up.","Oliver!"
"494",3787242,3790786,"I mean, who's gonna look after mein me old age?","Oliver!"
"495",3791913,3793622,"Would you, birdie?","Oliver!"
"496",3797544,3798794,"Will you?","Oliver!"
"497",3801423,3804258,"Why are you watching me?Why are you, mate?","Oliver!"
"498",3804384,3807052,"Quick! Speak out!I want to know every detail you saw!","Oliver!"
"499",3807137,3808804,"I'm sorry, sir. I'm sorry.","Oliver!"
"500",3808889,3811974,"-Did you see where I fetched the box from?-I don't think so, sir.","Oliver!"
"501",3812058,3815436,"-Be sure. Be sure!-Quite sure, sir!","Oliver!"
"502",3819733,3820733,"Well,","Oliver!"
"503",3821568,3825070,"if you're sure, then I'm sure.","Oliver!"
"504",3826740,3829074,"Of course, I knew all along, my dear.","Oliver!"
"505",3829493,3831410,"I didn't mean to frighten you.","Oliver!"
"506",3834247,3837583,"Brave boy, Oliver. Brave boy.","Oliver!"
"507",3845342,3846759,"Did you...","Oliver!"
"508",3847594,3852306,"Did you see any of those pretty things,my dear?","Oliver!"
"509",3853433,3854475,"Yes, sir.","Oliver!"
"510",3864611,3865945,"They're mine, Oliver.","Oliver!"
"511",3866947,3868781,"My little treasure.","Oliver!"
"512",3869783,3872284,"All I got to live on in me old age.","Oliver!"
"513",3874120,3875996,"It's a terrible thing,","Oliver!"
"514",3877290,3878624,"old age.","Oliver!"
"515",3879793,3885297,"Yes, sir. I'm sorry, sir.Can I go back to sleep again now, sir?","Oliver!"
"516",3887384,3891387,"Certainly, my boy, go to sleep.Pleasant dreams.","Oliver!"
"517",3894015,3896141,"Same to you, sir.","Oliver!"
"518",3906236,3910823,"Sauce boat, George III, scroll handle, Â£5.","Oliver!"
"519",3911992,3917663,"Tiara, George II, rose-cut diamond, paste,half a crown.","Oliver!"
"520",3919749,3923711,"Nancy!","Oliver!"
"521",3923837,3925170,"I'm coming!","Oliver!"
"522",3928091,3929174,"Bill?","Oliver!"
"523",3930677,3932553,"Bill, your breakfast is ready.","Oliver!"
"524",3933346,3936181,"Oh, for God's sake.","Oliver!"
"525",3937267,3939852,"Oh, I'll warm it up for your supper.","Oliver!"
"526",3940437,3943188,"Go down to Fagin'sand get the cash, will you?","Oliver!"
"527",3943732,3944940,"All right.","Oliver!"
"528",3947193,3948402,"Nancy.","Oliver!"
"529",3948612,3951238,"I am trying to sleep.","Oliver!"
"530",3960248,3961373,"Bill.","Oliver!"
"531",3965253,3966920,"You do love me, don't you?","Oliver!"
"532",3967255,3971050,"Of course I do! I live with you, don't I?","Oliver!"
"533",3983438,3985564,"That bit's for me, ain't it, Fagin?","Oliver!"
"534",3986608,3989443,"Eat, eat, eat, eat, eat! Appetite!","Oliver!"
"535",3989569,3992738,"Come on, finish your breakfast,it's time to get to work.","Oliver!"
"536",3992822,3994907,"Hurry up, you'll miss the morning trade.","Oliver!"
"537",3994991,3998452,"-Ain't there no more sausages, then?-You want some supper tonight?","Oliver!"
"538",4000664,4001747,"Hi, hi.","Oliver!"
"539",4005085,4006752,"Who wants some bull's-eyes?","Oliver!"
"540",4007504,4010798,"Wait a minute, now! One at a time!One at a time!","Oliver!"
"541",4011174,4013092,"Oh, go on, then. Go and share them.","Oliver!"
"542",4013343,4016512,"Miladies, they must meet our new boy.","Oliver!"
"543",4017097,4018263,"Well!","Oliver!"
"544",4019516,4021100,"What have we got here, then?","Oliver!"
"545",4021685,4024395,"Oh, ladies, I forgotyou must meet our new lodger,","Oliver!"
"546",4024479,4027231,"Mr. Oliver Twist, Esquire.","Oliver!"
"547",4027315,4028941,"Nancy and Beth.","Oliver!"
"548",4033613,4035030,"Charmed.","Oliver!"
"549",4035990,4040452,"Oh, yes. We're all ladies and gentlemenaround here. We're all quality.","Oliver!"
"550",4040578,4042788,"Now, don't you take no noticeof him, Oliver.","Oliver!"
"551",4042956,4044623,"Just 'cause you got manners and they ain't.","Oliver!"
"552",4044749,4046750,"What you mean, I ain't got no manners?","Oliver!"
"553",4046835,4048794,"-I'm a regular gent, I am!-Yeah!","Oliver!"
"554",4048920,4051588,"Permit me to assist you across the road?","Oliver!"
"555",4051965,4056468,"Well, I was only going to the palace,actually. Doorman, a cab, if you please.","Oliver!"
"556",4056803,4060806,"Allow me the privilege to escort youin me own carriage.","Oliver!"
"557",4078116,4079658,"After you, Your Grace.","Oliver!"
"558",4079784,4083162,"Sir Artful, you are too kind.","Oliver!"
"559",4086166,4091628,"I'd do anythingFor you, dear, anything","Oliver!"
"560",4091796,4096216,"For you mean everything to me","Oliver!"
"561",4097177,4100929,"I know that I'd go anywhere","Oliver!"
"562",4101014,4103891,"For your smile, anywhere","Oliver!"
"563",4104017,4109897,"For your smile everywhere I'd see","Oliver!"
"564",4110023,4111690,"Would you climb a hill?","Oliver!"
"565",4111816,4112858,"Anything!","Oliver!"
"566",4112984,4114735,"Wear a daffodil?","Oliver!"
"567",4114861,4115903,"Anything!","Oliver!"
"568",4116029,4117905,"Leave me all your will?","Oliver!"
"569",4118031,4119072,"Anything!","Oliver!"
"570",4119199,4121116,"Even fight my Bill?","Oliver!"
"571",4121201,4122409,"What? Fisticuffs?","Oliver!"
"572",4122535,4127915,"I'd risk everythingFor one kiss, everything","Oliver!"
"573",4128166,4130834,"Yes, I'd do anything!","Oliver!"
"574",4130919,4132044,"Anything?","Oliver!"
"575",4132170,4134505,"Anything for you!","Oliver!"
"576",4159280,4165410,"I'd do anythingFor you, dear, anything","Oliver!"
"577",4165537,4171124,"For you mean everything to me","Oliver!"
"578",4171251,4175504,"I know thatI'd go anywhere","Oliver!"
"579",4175588,4178590,"For your smile, anywhere","Oliver!"
"580",4178758,4184638,"For your smile everywhere I'd see","Oliver!"
"581",4185265,4187182,"Would you lace my shoe?","Oliver!"
"582",4187267,4188350,"Anything!","Oliver!"
"583",4188434,4190686,"Paint your face bright blue?","Oliver!"
"584",4190770,4191812,"Anything!","Oliver!"
"585",4191938,4193939,"Catch a kangaroo?","Oliver!"
"586",4194065,4195107,"Anything!","Oliver!"
"587",4195233,4197734,"Go to Timbuktu?","Oliver!"
"588",4197819,4199027,"And back again!","Oliver!"
"589",4199112,4205200,"I'd risk everythingFor one kiss, everything","Oliver!"
"590",4205285,4208412,"Yes, I'd do anything","Oliver!"
"591",4208496,4209538,"Anything?","Oliver!"
"592",4209622,4211665,"Anything for you!","Oliver!"
"593",4246200,4252164,"I'd go anywhereFor your smile, anywhere","Oliver!"
"594",4252290,4257544,"For your smile everywhere I'd see","Oliver!"
"595",4257670,4261340,"I know that I'd do anything","Oliver!"
"596",4261466,4264801,"For you, dear, anything","Oliver!"
"597",4264886,4268889,"For you mean everything to me","Oliver!"
"598",4269015,4270015,"To me!","Oliver!"
"599",4270141,4271224,"-To me!-To me!","Oliver!"
"600",4271351,4274061,"To me, me, me, me, me","Oliver!"
"601",4297168,4303423,"I'd do anythingFor you, dear, anything","Oliver!"
"602",4303549,4307052,"Yes, I'd do anything","Oliver!"
"603",4307178,4308220,"Anything?","Oliver!"
"604",4308346,4310806,"Anything for you!","Oliver!"
"605",4310890,4312724,"Would you rob a shop?","Oliver!"
"606",4312892,4313976,"Anything!","Oliver!"
"607",4314060,4315936,"Would risk the drop?","Oliver!"
"608",4316062,4317187,"Anything","Oliver!"
"609",4317271,4319189,"Though your eyes go pop","Oliver!"
"610",4319273,4320357,"Anything!","Oliver!"
"611",4320441,4323110,"When you come down, plop","Oliver!"
"612",4323236,4324444,"Hang everything!","Oliver!"
"613",4324570,4330534,"We'd risk life and limbTo keep you in the swim","Oliver!"
"614",4330702,4334162,"Yes, we'd do anything!","Oliver!"
"615",4334247,4335288,"Anything?","Oliver!"
"616",4335415,4340043,"Anything for you","Oliver!"
"617",4340128,4343630,"Well, get to work, then! No argumentwhen there's fine pickings in the street.","Oliver!"
"618",4343756,4346633,"-Get out and earn your keep.-You told us we could go see the hanging!","Oliver!"
"619",4346759,4348510,"Be sure it ain't your own.","Oliver!"
"620",4348594,4350262,"Fagin, I'm waiting.","Oliver!"
"621",4351597,4354307,"Waiting, my dear? What for?","Oliver!"
"622",4354767,4357102,"Bill will give you what-forif you don't fork out.","Oliver!"
"623",4357228,4359312,"Now come on, hand over. Start counting.","Oliver!"
"624",4359439,4360981,"-Come on, what do you think we are?-Rush, rush, rush.","Oliver!"
"625",4361107,4362816,"You and your Bill,you'll be the ruin of me between you!","Oliver!"
"626",4362942,4364359,"That's right.","Oliver!"
"627",4364444,4366278,"If it's all the same to you!","Oliver!"
"628",4370324,4372534,"-What was that for?-For getting caught!","Oliver!"
"629",4372618,4374119,"I was only practicing!","Oliver!"
"630",4374912,4377706,"I'll die a pauper yet. Here, take it.","Oliver!"
"631",4377790,4381376,"I'll starve. You'll find me lying in the gutterwith me feet sticking up in the air.","Oliver!"
"632",4381461,4385422,"Bill might think the count is a bit short,wouldn't you say?","Oliver!"
"633",4387425,4391303,"I only wish you had to get rid of the stuff.","Oliver!"
"634",4391512,4393472,"That's all I wish.","Oliver!"
"635",4393598,4395807,"He still might. Come on.","Oliver!"
"636",4398978,4403482,"So me and the boys,we live on air till I find a customer?","Oliver!"
"637",4403649,4407486,"Heartless, that's what I am.Come on, Beth. Ta-ta, kids!","Oliver!"
"638",4407612,4410280,"-Ta-ta, Nancy!-Bye, Nancy!","Oliver!"
"639",4410782,4412240,"Hey, Fagin.","Oliver!"
"640",4412325,4415410,"Young Oliver wants to come on the gamewith Charlie and me.","Oliver!"
"641",4415495,4417621,"...six and four is ten, another 13, and 31.","Oliver!"
"642",4418331,4420832,"What's that? On the job, you mean?","Oliver!"
"643",4423169,4426213,"Can I? Please? I'd like to.","Oliver!"
"644",4427673,4431176,"Would you, my dear? Well, why not?","Oliver!"
"645",4431385,4434846,"You got to start somewhere.You couldn't do it in better company.","Oliver!"
"646",4436140,4439518,"-Look after him, Dodger.-Hats on, boys. Time we're off.","Oliver!"
"647",4439644,4442979,"-Then I can go, sir?-Good luck on your first job, my dear.","Oliver!"
"648",4443064,4445565,"I'll be waiting for you herewhen you come back.","Oliver!"
"649",4445691,4448068,"-Line up!-Line up!","Oliver!"
"650",4448194,4450320,"-Single file!-Single file!","Oliver!"
"651",4450404,4452823,"-Quick march, left!-Right!","Oliver!"
"652",4452907,4454032,"-Left!-Right!","Oliver!"
"653",4454158,4455158,"-Left, right!-Left, right!","Oliver!"
"654",4455243,4459037,"You can go, but be back soonYou can go, but while you're working","Oliver!"
"655",4459163,4463583,"This place, I'm pacing 'roundUntil you're home, safe and sound","Oliver!"
"656",4463751,4468004,"Fare thee well, but be back soonWho can tell where danger's lurking?","Oliver!"
"657",4468172,4470799,"Do not forget this tune","Oliver!"
"658",4470883,4472551,"Be back soon","Oliver!"
"659",4477056,4478640,"How could we forget?","Oliver!"
"660",4478724,4481518,"How could we letOur dear old Fagin worry?","Oliver!"
"661",4481686,4483812,"We love him soWe'll come back home","Oliver!"
"662",4483896,4486064,"In, oh, such a great big hurry","Oliver!"
"663",4486232,4490652,"It's him that pays the piperIt's us that calls the tune","Oliver!"
"664",4490736,4493029,"So long, fare thee wellPip-pip, cheerio","Oliver!"
"665",4493114,4495073,"We'll be back soon","Oliver!"
"666",4495199,4499661,"Cheerio, but be back soonI don't know, somehow I miss you","Oliver!"
"667",4499745,4501788,"I love youThat's why I","Oliver!"
"668",4501914,4504166,"Say cheerio, not goodbye","Oliver!"
"669",4504250,4506459,"Don't be gone longBe back soon","Oliver!"
"670",4506586,4508712,"Give me one long, last lookBless you","Oliver!"
"671",4508796,4511173,"Remember our old tune","Oliver!"
"672",4511257,4513341,"Be back soon","Oliver!"
"673",4513426,4517721,"You can go, but be back soonYou can go, but bring back plenty","Oliver!"
"674",4517805,4522142,"Of wallets full of cashDon't want to see any trash","Oliver!"
"675",4522268,4526605,"Whip 'em quick and be back soonOnly thick ones now, not empty","Oliver!"
"676",4526772,4529316,"Get rich this afternoon","Oliver!"
"677",4529442,4530942,"Be back soon","Oliver!"
"678",4533446,4537908,"Our pockets hold a watch of goldThat chimes upon the hour","Oliver!"
"679",4538075,4540285,"A wallet fatAn old man's hat","Oliver!"
"680",4540411,4542329,"The jewels from the Tower","Oliver!"
"681",4542455,4546750,"We know the nosy policemenBut they don't know this tune","Oliver!"
"682",4546918,4549169,"So long, fare thee wellPip-pip, cheerio","Oliver!"
"683",4549295,4551254,"We'll be back soon","Oliver!"
"684",4551339,4555842,"Cheerio, but be back soonI don't know, somehow I miss you","Oliver!"
"685",4555968,4557928,"I love youThat's why I","Oliver!"
"686",4558012,4560222,"Say cheerio, not goodbye","Oliver!"
"687",4560306,4562724,"Don't be gone long, be back soon","Oliver!"
"688",4562808,4564809,"Give me one long last lookBless you","Oliver!"
"689",4564936,4567479,"Remember our old tune","Oliver!"
"690",4567605,4569356,"Be back soon","Oliver!"
"691",4569482,4573652,"And when we're in the distanceYou'll hear this whispered tune","Oliver!"
"692",4573819,4576238,"So long, fare thee wellPip-pip, cheerio","Oliver!"
"693",4576322,4578406,"We'll be back soon","Oliver!"
"694",4578491,4580659,"So long, fare thee wellPip-pip, cheerio","Oliver!"
"695",4580743,4582827,"We'll be back soon","Oliver!"
"696",4582995,4585247,"So long, fare thee wellPip-pip, cheerio","Oliver!"
"697",4585331,4587332,"We'll be back soon","Oliver!"
"698",4587500,4591753,"Cheerio, but be back soonI don't know, somehow I miss you","Oliver!"
"699",4591837,4594256,"I love youThat's why I","Oliver!"
"700",4594340,4596591,"Say cheerio, not goodbye","Oliver!"
"701",4596676,4600679,"And when we're in the distanceYou'll hear this whispered tune","Oliver!"
"702",4600846,4603181,"So long, fare thee wellPip-pip, cheerio","Oliver!"
"703",4603266,4605642,"We'll be back soon","Oliver!"
"704",4607144,4609020,"Dodger! Oliver!","Oliver!"
"705",4609146,4610772,"Come on!","Oliver!"
"706",4640845,4642887,"Now, now, now! Go on, get going!","Oliver!"
"707",4712291,4713917,"Come here, boy.","Oliver!"
"708",4714043,4716378,"Come on, give that back to me.","Oliver!"
"709",4716921,4719923,"Give that back. Come along, boy.Come along...","Oliver!"
"710",4720549,4721716,"Stop that boy!","Oliver!"
"711",4721801,4723802,"Thief! My wallet! Stop that boy!","Oliver!"
"712",4723928,4727806,"Hold that boy! Stop! Stop him! Stop him!","Oliver!"
"713",4729934,4731768,"Stop! Thief!","Oliver!"
"714",4732561,4734646,"-Leave him to us!-He stole the gent's wallet!","Oliver!"
"715",4734772,4735980,"We'll catch him!","Oliver!"
"716",4738776,4739818,"Would you...","Oliver!"
"717",4744448,4746241,"He went that way!","Oliver!"
"718",4767805,4771433,"-Have you seen him?-No. He's disappeared. He's gone.","Oliver!"
"719",4774270,4775311,"Come here.","Oliver!"
"720",4779608,4780775,"Come here, you...","Oliver!"
"721",4782695,4784279,"-Here!-Watch it!","Oliver!"
"722",4784363,4786614,"Watch where you're going!","Oliver!"
"723",4817730,4818813,"Boy!","Oliver!"
"724",4838417,4840251,"There's the gent he stole from.","Oliver!"
"725",4840503,4843004,"Can you identify this boy as the thief, sir?","Oliver!"
"726",4843088,4846090,"Yes! Well, I saw him running away.","Oliver!"
"727",4847843,4851679,"Why didn't you look after him?Why didn't you bring him back with you?","Oliver!"
"728",4851764,4852931,"How can I help it?","Oliver!"
"729",4853015,4854849,"A fine thing, Oliver in the lockup.","Oliver!"
"730",4854934,4856434,"And in the morninghe's up in front of the beak!","Oliver!"
"731",4856519,4859103,"For pinching a wallet.So he goes to jail. What's it matter?","Oliver!"
"732",4859188,4862273,"I'm afraid he may say somethingwhich will get us into trouble.","Oliver!"
"733",4862399,4866110,"That's very likely, Fagin.You see, you're blowed upon.","Oliver!"
"734",4871784,4873952,"And I'm afraid, you see,","Oliver!"
"735",4875371,4877789,"that if the game was up with us,","Oliver!"
"736",4878582,4881251,"it might be up with a good many more.","Oliver!"
"737",4882461,4885964,"And it would come out rather worse for you","Oliver!"
"738",4887132,4889300,"than it would for me.","Oliver!"
"739",4894139,4899227,"Why, you miserable,sneaking, treacherous old...","Oliver!"
"740",4899311,4900645,"No, Bill!","Oliver!"
"741",4901564,4903731,"You go down to that court in the morning","Oliver!"
"742",4903816,4906109,"and you will find out what happens.","Oliver!"
"743",4906819,4907944,"Me?","Oliver!"
"744",4908737,4910238,"Go to court?","Oliver!"
"745",4910948,4913324,"With a magistrate sitting there?","Oliver!"
"746",4913450,4915994,"I'll go. They won't know me.","Oliver!"
"747",4916453,4919330,"Good girl. Clever girl.","Oliver!"
"748",4920291,4923334,"And if he does talk, you'll come and tell usquick, eh, Nancy? Quick!","Oliver!"
"749",4923460,4926421,"'Cause then we'll have tolook after ourselves, won't we?","Oliver!"
"750",4926505,4930133,"You won't have to look after yourself, Fagin.","Oliver!"
"751",4931176,4933511,"'Cause I'll look after you, believe me.","Oliver!"
"752",4933846,4937974,"I always believe you, Bill.Have another drink.","Oliver!"
"753",4947192,4950528,"Silence. Silence in court.","Oliver!"
"754",4979725,4982977,"Well? What crime is this one charged with?","Oliver!"
"755",4983062,4985813,"He looks a thoroughbredold reprobate to me.","Oliver!"
"756",4985898,4988149,"Speak up, man! What's he charged with?","Oliver!"
"757",4988233,4992362,"He's not charged at all, Your Worship.This gentlemen appears against the boy.","Oliver!"
"758",4993197,4997408,"-Boy? What boy? I see no boy.-The boy in the dock, Your Worship.","Oliver!"
"759",4999745,5003748,"-Oh, yes. Stand up, boy, I can't see you!-He is standing up, Your Worship.","Oliver!"
"760",5003916,5006751,"Don't be impertinent!Put him on a box or something.","Oliver!"
"761",5010756,5014217,"-Well, what's he charged with?-Picking pockets, sir.","Oliver!"
"762",5015094,5016844,"What's your name, boy?","Oliver!"
"763",5018180,5019430,"Oliver.","Oliver!"
"764",5020599,5022934,"And does your father know you're here?","Oliver!"
"765",5028982,5030274,"I'm an orphan.","Oliver!"
"766",5030359,5032402,"He says he's an orphan, sir.","Oliver!"
"767",5032986,5034946,"And where do you come from?","Oliver!"
"768",5036448,5038241,"Where do you live?","Oliver!"
"769",5038826,5041035,"Who looks after you?","Oliver!"
"770",5052464,5056634,"He doesn't seem able to say where he lives,or anything else, sir.","Oliver!"
"771",5058011,5059303,"Well.","Oliver!"
"772",5060639,5062765,"A liar as well as a thief, eh?","Oliver!"
"773",5063767,5066602,"And insolent into the bargain.Well, that settles it.","Oliver!"
"774",5066687,5070106,"The boy is committed to three monthswith hard labor.","Oliver!"
"775",5070274,5073317,"This is disgraceful! I demand to be heard.","Oliver!"
"776",5073402,5075611,"-You have not yet...-Sir, I was there!","Oliver!"
"777",5075696,5078239,"What's this disturbance?Remove this lunatic! Clear the court!","Oliver!"
"778",5078323,5081951,"I will speak! I saw what happened.It was outside my shop.","Oliver!"
"779",5082119,5086247,"Two other boys stole Mr. Brownlow's wallet.This child had nothing to do with it.","Oliver!"
"780",5086498,5088624,"But sentence has been passed!","Oliver!"
"781",5089668,5091169,"Hasn't it?","Oliver!"
"782",5100345,5103014,"He didn't talk. Case was dismissed.","Oliver!"
"783",5103640,5105433,"What a great judge!","Oliver!"
"784",5106810,5109437,"-Fetch the boy.-I've done my share.","Oliver!"
"785",5109605,5110897,"Cor! Look!","Oliver!"
"786",5114860,5116360,"Now, come on.","Oliver!"
"787",5117404,5118738,"Where are we going?","Oliver!"
"788",5118822,5122784,"At least I can make some amends.You're coming home with me. Jump in.","Oliver!"
"789",5129875,5132251,"-Dodger! After them!-Let the kid go!","Oliver!"
"790",5132336,5135046,"-He can still blab on us, can't he?-Leave him be!","Oliver!"
"791",5136799,5138591,"Dodger! Don't lose him!","Oliver!"
"792",5393972,5398184,"Who will buy my sweet red roses?","Oliver!"
"793",5398351,5402855,"Two blooms for a penny","Oliver!"
"794",5406651,5411072,"Who will buy my sweet red roses?","Oliver!"
"795",5411239,5415743,"Two blooms for a penny","Oliver!"
"796",5424002,5428214,"Who will buy my sweet red roses?","Oliver!"
"797",5428381,5432551,"Two blooms for a penny","Oliver!"
"798",5437099,5441477,"Who will buy my sweet red roses?","Oliver!"
"799",5441645,5445481,"Two blooms for a penny","Oliver!"
"800",5446108,5451112,"Who will buy my sweet red roses?","Oliver!"
"801",5451196,5455783,"Two blooms for a penny","Oliver!"
"802",5460622,5467670,"Will you buy any milk today, mistress?","Oliver!"
"803",5467754,5472466,"Any milk today, mistress?","Oliver!"
"804",5472551,5476804,"Will you buy my sweet red roses?","Oliver!"
"805",5477139,5482393,"Any milk today, mistress?","Oliver!"
"806",5482477,5486480,"Two blooms for a penny","Oliver!"
"807",5487607,5496699,"Ripe strawberries, ripe!","Oliver!"
"808",5496783,5501829,"Any milk today, mistress?","Oliver!"
"809",5501913,5505749,"Will you buy my sweet red roses?","Oliver!"
"810",5505834,5509378,"Ripe strawberries, ripe!","Oliver!"
"811",5509462,5512798,"Any milk today, mistress?","Oliver!"
"812",5512883,5515092,"Knives, knives to grind!","Oliver!"
"813",5515177,5518804,"Any knives to grind?","Oliver!"
"814",5518889,5522057,"Ripe strawberries, ripe!","Oliver!"
"815",5533278,5546999,"Who will buy?","Oliver!"
"816",5547417,5553380,"Who will buy this wonderful morning?","Oliver!"
"817",5554090,5559470,"Such a sky, you never did see","Oliver!"
"818",5559554,5563182,"Who will buy my sweet red roses?","Oliver!"
"819",5563892,5569730,"Who will tie it up with a ribbon","Oliver!"
"820",5569814,5574193,"And put it in a box for me?","Oliver!"
"821",5574277,5578447,"Ripe strawberries, ripe!","Oliver!"
"822",5578990,5583619,"So I could see it at my leisure","Oliver!"
"823",5583703,5587456,"Whenever things go wrong","Oliver!"
"824",5587749,5592544,"And I would keep it as a treasure","Oliver!"
"825",5593046,5597341,"To last my whole life long","Oliver!"
"826",5597425,5602513,"Any milk today?","Oliver!"
"827",5603181,5608227,"Who will buy this wonderful feeling?","Oliver!"
"828",5608728,5611981,"I'm so highI swear I could fly","Oliver!"
"829",5612065,5614733,"Knives to grind!","Oliver!"
"830",5614818,5617611,"Ripe strawberries, ripe!","Oliver!"
"831",5617696,5621782,"Me, oh, myI don't want to lose it","Oliver!"
"832",5622075,5626996,"So what am I to doTo keep the sky so blue?","Oliver!"
"833",5627163,5633085,"There must be someone who will buy","Oliver!"
"834",5633169,5634461,"Toy windmills","Oliver!"
"835",5634546,5635713,"Onions","Oliver!"
"836",5635797,5638882,"Knives to grind","Oliver!"
"837",5647183,5653063,"Who will buy?","Oliver!"
"838",5653148,5656275,"Who will buy this wonderful morning?","Oliver!"
"839",5656443,5659778,"Such a sky you never did see","Oliver!"
"840",5660030,5666076,"Who will tie it up with a ribbonAnd put it in a box for me?","Oliver!"
"841",5666161,5672916,"There'll never be a day so sunnyIt could not happen twice","Oliver!"
"842",5673001,5680215,"Where is the man with all the money?It's cheap at half the price!","Oliver!"
"843",5681176,5684261,"Who will buy this wonderful feeling?","Oliver!"
"844",5684387,5687681,"I'm so highI swear I could fly","Oliver!"
"845",5688016,5690976,"Me, oh, myI don't want to lose it","Oliver!"
"846",5691144,5694521,"So what am I to doTo keep the sky so blue?","Oliver!"
"847",5694689,5697775,"There must be someone who will buy","Oliver!"
"848",5697859,5704198,"There'll never be a day so sunnyI know it could not happen twice","Oliver!"
"849",5704908,5711622,"Where is the man with all the money?It's cheap at half the price!","Oliver!"
"850",5718088,5721799,"Who will buy this wonderful morning?","Oliver!"
"851",5722175,5725511,"Makes you feel you're walking on air","Oliver!"
"852",5725678,5728639,"Every tree and flower is singing","Oliver!"
"853",5728723,5735270,"How fortunate of me to be alive to seeThe dawning of a day so fair","Oliver!"
"854",5735355,5741610,"Bye-bye, lullaby","Oliver!"
"855",5741694,5744780,"Who will buy this wonderful feeling?","Oliver!"
"856",5745198,5748492,"I'm so highI swear I could fly","Oliver!"
"857",5748576,5751620,"What a sky, a heavenly ceiling","Oliver!"
"858",5752705,5759461,"There'll never be a day so sunnyIt could not happen twice","Oliver!"
"859",5759921,5763382,"Where is the man with all the money?","Oliver!"
"860",5763550,5768846,"It's cheap at half the price!","Oliver!"
"861",5861105,5864858,"Who will buy this wonderful morning?","Oliver!"
"862",5864984,5868070,"Such a sky, you never did see","Oliver!"
"863",5868696,5874868,"Who will tie it up with a ribbonAnd put it in a box for me?","Oliver!"
"864",5875370,5882459,"There'll never be a day so sunnyIt could not happen twice","Oliver!"
"865",5883086,5889925,"Where is the man with all the money?It's cheap at half the price!","Oliver!"
"866",5891761,5895514,"Who will buy this wonderful feeling?","Oliver!"
"867",5895598,5898475,"I'm so highI swear I could fly","Oliver!"
"868",5899352,5902479,"Me, oh, myI don't want to lose it","Oliver!"
"869",5902647,5906525,"So what am I to doTo keep the sky so blue?","Oliver!"
"870",5906693,5910487,"There must be someone who will buy","Oliver!"
"871",5910655,5914199,"Buy","Oliver!"
"872",5949110,5952070,"We've got to get him back, do you hear?","Oliver!"
"873",5952447,5955907,"Nab him the first time he sets footout of the door.","Oliver!"
"874",5956701,5959244,"He never goes out alone. You know that.","Oliver!"
"875",5960913,5963081,"Don't you back-answer me, my girl.","Oliver!"
"876",5966085,5968378,"Three days since I spotted him.","Oliver!"
"877",5969255,5971256,"And what you done about it, eh?","Oliver!"
"878",5974636,5975927,"Nothing!","Oliver!"
"879",5976596,5978680,"We've got to get hold of him somehow.","Oliver!"
"880",5980725,5982225,"Now, who's coming?","Oliver!"
"881",5984479,5988565,"-Suppose it'll have to be me.-Shut your trap, Dodger.","Oliver!"
"882",5988650,5993695,"You've caused enough trouble already.It's going to be done quiet, no fuss.","Oliver!"
"883",5994572,5997783,"Someone who has the boy's confidence.","Oliver!"
"884",5998409,6000911,"Nancy, my dear, what do you say?","Oliver!"
"885",6000995,6003038,"It's no good you trying it on with me.","Oliver!"
"886",6004082,6008460,"And just exactly what do you meanby that remark?","Oliver!"
"887",6009087,6011296,"What I say! I'm not going!","Oliver!"
"888",6018179,6021515,"Why can't you leave the boy alone?He won't do you no harm!","Oliver!"
"889",6023184,6027270,"Why can't you leave him where he is,where he'll have the chance of a decent life?","Oliver!"
"890",6027355,6029981,"You'll bring him back here, my girl,","Oliver!"
"891",6030066,6033026,"unless you want to feel my handon your throat.","Oliver!"
"892",6034028,6039366,"Nancy, my dear,we must have that boy brought back.","Oliver!"
"893",6039784,6044871,"If he talked, think what would happen to us.Think what would happen to Bill.","Oliver!"
"894",6045707,6048375,"It would be the gallows for him, Nancy.","Oliver!"
"895",6048459,6049793,"The drop!","Oliver!"
"896",6050044,6053714,"You wouldn't want that to happen,would you, my dear? Not to Bill.","Oliver!"
"897",6053798,6056800,"-She'll go, Fagin.-No, she won't, Fagin!","Oliver!"
"898",6057635,6060345,"Yes, she will, Fagin!","Oliver!"
"899",6080658,6081908,"She'll go.","Oliver!"
"900",6086873,6089332,"Even if I have to drag her there myself.","Oliver!"
"901",6135421,6141551,"As long as he needs me","Oliver!"
"902",6142553,6147641,"Oh, yes, he does need me","Oliver!"
"903",6150478,6154856,"In spite of what you see","Oliver!"
"904",6154941,6162155,"I'm sure that he needs me","Oliver!"
"905",6163074,6167786,"Who else would love him still","Oliver!"
"906",6167912,6171748,"When they've been used so ill","Oliver!"
"907",6172416,6178463,"He knows I always will","Oliver!"
"908",6179340,6186179,"As long as he needs me","Oliver!"
"909",6188140,6194938,"I miss him so much when he is gone","Oliver!"
"910",6196274,6200360,"But when he's near me","Oliver!"
"911",6200444,6207534,"I don't let on","Oliver!"
"912",6208995,6215876,"The way I feel","Oliver!"
"913",6216335,6218461,"inside","Oliver!"
"914",6218963,6222674,"The love I have to hide","Oliver!"
"915",6223134,6229055,"The hell! I've got my pride!","Oliver!"
"916",6229140,6235854,"As long as he needs me","Oliver!"
"917",6237189,6239524,"He doesn't say the things he should","Oliver!"
"918",6240985,6243570,"He acts the way he thinks he should","Oliver!"
"919",6245656,6248783,"But all the same","Oliver!"
"920",6248868,6256041,"I'll play this game","Oliver!"
"921",6256167,6261755,"his way","Oliver!"
"922",6263174,6266718,"As long","Oliver!"
"923",6266844,6273308,"as he needs me","Oliver!"
"924",6273392,6279022,"I know where I must be","Oliver!"
"925",6280024,6286071,"I'll cling on steadfastly","Oliver!"
"926",6286614,6293328,"As long as he needs me","Oliver!"
"927",6293412,6299876,"As long as life is long","Oliver!"
"928",6300252,6306591,"I'll love him right or wrong","Oliver!"
"929",6307009,6313181,"And somehow I'll be strong","Oliver!"
"930",6313933,6317519,"As long as he","Oliver!"
"931",6317603,6322941,"needs me","Oliver!"
"932",6324902,6328947,"If you are lonely","Oliver!"
"933",6329031,6332075,"Then you will know","Oliver!"
"934",6333035,6336955,"When someone needs you","Oliver!"
"935",6337456,6344671,"You'll love them so","Oliver!"
"936",6347299,6351636,"I won't","Oliver!"
"937",6351721,6356766,"betray his trust","Oliver!"
"938",6357393,6362480,"Though people say I must","Oliver!"
"939",6363149,6370321,"I've got to stay true just","Oliver!"
"940",6371782,6376494,"As long as he","Oliver!"
"941",6376579,6383710,"needs me","Oliver!"
"942",6402438,6405065,"-Can I answer it, Rose?-Thank you, dear.","Oliver!"
"943",6414658,6417202,"-Books from Mr. Jessop.-Thank you.","Oliver!"
"944",6420539,6423458,"-Please, sir, these books came for you.-Oh, good.","Oliver!"
"945",6424627,6427212,"-Oh, wait, there are some to go back.-Boy's gone, sir.","Oliver!"
"946",6427338,6429297,"Can I take them for you?","Oliver!"
"947",6429381,6432675,"I know where the shop is.Please let me take them. I'll be very quick.","Oliver!"
"948",6432760,6436471,"All right. Mrs. Bedwin, the booksare on the table beside my bed.","Oliver!"
"949",6437056,6440517,"Now, then, Oliver.You'll take those books to Mr. Jessop","Oliver!"
"950",6440601,6444270,"and tell him you have come to paythe Â£4.10 that I owe him.","Oliver!"
"951",6444897,6448149,"This is a Â£5 note,so it'll be 10 shillings change.","Oliver!"
"952",6448234,6451361,"You understand?","Oliver!"
"953",6464750,6467001,"She's a very pretty lady, isn't she, sir?","Oliver!"
"954",6468170,6469379,"Yes.","Oliver!"
"955",6472174,6474092,"I'll take the books for you.","Oliver!"
"956",6477805,6480598,"In a new suit of clothes,with a set of valuable books","Oliver!"
"957",6480683,6482725,"and a Â£5 note in his pocket,","Oliver!"
"958",6483102,6485395,"-and you expect him to come back?-Don't you?","Oliver!"
"959",6485479,6487689,"If he does, I'll eat me head,with me hat on it.","Oliver!"
"960",6487773,6489274,"Look at that portrait.","Oliver!"
"961",6489358,6491151,"Do you see a likeness to the lad?","Oliver!"
"962",6491235,6494487,"-Well, that's your niece, isn't it?-That's what I mean.","Oliver!"
"963",6494572,6496406,"Wasn't she the girl who...","Oliver!"
"964",6497658,6498950,"Who ran away.","Oliver!"
"965",6499034,6502620,"A young, innocent face, nothing more.Mere coincidence.","Oliver!"
"966",6502705,6503997,"I'm not so sure.","Oliver!"
"967",6504915,6508001,"Born in a workhouseat Dunstable, he thinks.","Oliver!"
"968",6508419,6511588,"That's all he can tell us. Very well.","Oliver!"
"969",6515050,6517302,"Who will buy this wonderful morning?","Oliver!"
"970",6517386,6518553,"-Morning.-Morning!","Oliver!"
"971",6518679,6522015,"Such a sky you never did see","Oliver!"
"972",6522183,6528438,"Who will tie it up with a ribbonAnd put it in a box for me?","Oliver!"
"973",6612606,6614899,"-Help! Help!-Get in the cart.","Oliver!"
"974",6618445,6621030,"Bull's-eye. Here, boy, hurry up.","Oliver!"
"975",6621198,6623241,"Bull's-eye? Bull's-eye! Come here!","Oliver!"
"976",6645222,6647974,"-Oliver's back!-Look at his togs!","Oliver!"
"977",6648058,6651394,"He's got books, too!Quite the little gent, ain't he?","Oliver!"
"978",6651478,6653062,"Lovely bit of stuff.","Oliver!"
"979",6653188,6655732,"Delighted to seeyou're looking so well, my dear.","Oliver!"
"980",6655983,6659235,"The Dodger will give you another suit,for fear you should spoil that Sunday one.","Oliver!"
"981",6659361,6661237,"Cor! Look at this!","Oliver!"
"982",6664241,6666075,"I'll bank it for you.","Oliver!"
"983",6666744,6668578,"What's that?","Oliver!"
"984",6670205,6675501,"-That's mine, Fagin.-No, no, my dear. Mine. Ours.","Oliver!"
"985",6675586,6677503,"You shall have the books.","Oliver!"
"986",6677588,6680715,"You hand it over,you avaricious old skeleton.","Oliver!"
"987",6685512,6687430,"That's for our share of the trouble.","Oliver!"
"988",6688182,6690850,"You keep the books. Start a library.","Oliver!"
"989",6690934,6695396,"Mr. Brownlow will be here after you if hefinds out you've got his books and money.","Oliver!"
"990",6696607,6698941,"So he'll be out here, will he?","Oliver!"
"991",6699068,6700276,"Out here?","Oliver!"
"992",6700402,6701736,"After us?","Oliver!"
"993",6704198,6706949,"-What did you tell him about us?-Nothing!","Oliver!"
"994",6707242,6711037,"Fagin, I'll wager this young rat'stold him everything.","Oliver!"
"995",6712456,6714374,"What did you tell him?","Oliver!"
"996",6720589,6723466,"-No! Leave him alone!-You stand off me!","Oliver!"
"997",6723550,6724884,"No violence!","Oliver!"
"998",6724968,6727553,"You'll have to kill mebefore I let you lay a hand on that boy.","Oliver!"
"999",6727638,6730139,"Don't you tell me. Just don't you tell me.You keep out of this!","Oliver!"
"1000",6730265,6733059,"If he says he didn't tell them,he didn't tell them.","Oliver!"
"1001",6733143,6734477,"Hit me, would you?","Oliver!"
"1002",6734561,6737480,"I won't stand by and see it done, Bill.Let him be!","Oliver!"
"1003",6737731,6740900,"Let him be, or I'll put my mark on you,and I don't care...","Oliver!"
"1004",6740984,6745905,"Nancy, you're wonderful tonight!Such talent! Such a joker!","Oliver!"
"1005",6745989,6748324,"You take care I don't overdo it, Fagin,","Oliver!"
"1006",6748492,6752412,"or I'll put the finger on all of you,and I don't care if I hang for it!","Oliver!"
"1007",6754998,6758251,"Do you know who you are?And what you are?","Oliver!"
"1008",6758335,6760169,"You don't have to tell me.","Oliver!"
"1009",6760295,6764090,"-A fine one for the boy to make a friend of.-Yes, I am, God help me!","Oliver!"
"1010",6765175,6769679,"And I wish I'd been struck down deadbefore I laid a hand to bring him back here.","Oliver!"
"1011",6769805,6771806,"From tonight he's a liar","Oliver!"
"1012",6772307,6773683,"and a thief,","Oliver!"
"1013",6774017,6775935,"and all that's bad.","Oliver!"
"1014",6776019,6778521,"Ain't that enough for youwithout beating him to death?","Oliver!"
"1015",6778647,6784694,"Come, come, Sikes.We must have civil words. Civil words.","Oliver!"
"1016",6784820,6787947,"Oh, yes, you deserve themfrom me, don't you?","Oliver!"
"1017",6788031,6790950,"I thieved for you when I was half his age.","Oliver!"
"1018",6791034,6793703,"And it's your dirty workI've been doing ever since.","Oliver!"
"1019",6793787,6798040,"-Well, if you have, it's a living, isn't it?-He's right, Nancy. A living is a living.","Oliver!"
"1020",6798167,6800501,"Some living! Lord help me!","Oliver!"
"1021",6800794,6802211,"Some living!","Oliver!"
"1022",6803046,6805047,"Get to bed, all of you.","Oliver!"
"1023",6806216,6808801,"Get to bed, I said!","Oliver!"
"1024",6809303,6812680,"All this violence, all these scenes,screams, dramas!","Oliver!"
"1025",6813223,6816058,"I'm asking you, is it necessary?","Oliver!"
"1026",6817853,6819395,"Not yet, Fagin.","Oliver!"
"1027",6820230,6821564,"Not yet.","Oliver!"
"1028",6822232,6826652,"But if this godforsaken littlegood-for-nothing's uttered one word,","Oliver!"
"1029",6826737,6828321,"one word, mind you...","Oliver!"
"1030",6828405,6830990,"If he has, the little devil,","Oliver!"
"1031",6831074,6833576,"we sit down, we talk it over, we think it out,","Oliver!"
"1032",6833660,6835912,"we decide upon a proper courseof safe action,","Oliver!"
"1033",6836038,6837830,"we stay calm!","Oliver!"
"1034",6839416,6842752,"Do we? And while we're sitting here","Oliver!"
"1035",6843253,6848925,"thinking, and talking, and staying calm,our collars get felt, don't they?","Oliver!"
"1036",6849718,6852428,"And it's,""Come along with me, if you please.""","Oliver!"
"1037",6853514,6855389,"No, thank you very much.","Oliver!"
"1038",6855682,6860603,"Look, you thought us into this little lot.You can think your way out of it.","Oliver!"
"1039",6861730,6865942,"But from now on, Bill Sikestakes the law into his own hands.","Oliver!"
"1040",6867069,6868611,"These hands.","Oliver!"
"1041",6870239,6875952,"Have you ever heard the sound a chickenmakes when they're wringing off its neck?","Oliver!"
"1042",6878455,6880706,"Can't say I ever had the...","Oliver!"
"1043",6880791,6882625,"They squawks, Fagin.","Oliver!"
"1044",6883794,6885419,"They squawks.","Oliver!"
"1045",6886255,6888130,"Not a very pretty sound.","Oliver!"
"1046",6889216,6890383,"No, Bill.","Oliver!"
"1047",6890467,6893803,"And then they dies, don't they?","Oliver!"
"1048",6895097,6897557,"Yes, Bill. I mean, no, Bill.","Oliver!"
"1049",6898100,6903104,"Then they say some even start squawkingbefore that event.","Oliver!"
"1050",6903230,6907316,"They get what you might calla premonition.","Oliver!"
"1051",6908318,6909652,"Now, then,","Oliver!"
"1052",6910279,6914991,"you wouldn't be having no premonitionof that sort by any chance, would you?","Oliver!"
"1053",6915909,6919120,"Not me, Bill. The lips are sealed.","Oliver!"
"1054",6920247,6921581,"I'm glad.","Oliver!"
"1055",6922165,6926168,"Because if anyone hereshould lead the law to me,","Oliver!"
"1056",6926295,6928754,"and I gets to hear of it,","Oliver!"
"1057",6928839,6931591,"then it will be your neck.","Oliver!"
"1058",6931675,6936178,"Your scraggy old neck.","Oliver!"
"1059",6944313,6946480,"You think about it, Fagin.","Oliver!"
"1060",6975010,6978721,"A violent man, Dodger. A very violent man.","Oliver!"
"1061",6980057,6983851,"When that man's back is up, Dodger,no one is safe.","Oliver!"
"1062",7017761,7019553,"Look after him, Dodger.","Oliver!"
"1063",7023266,7025851,"And I'll look after meself.","Oliver!"
"1064",7036113,7038364,"A man's got a heart, hasn't he?","Oliver!"
"1065",7039616,7041951,"Joking apart, hasn't he?","Oliver!"
"1066",7042786,7049083,"And though I'd be the first one to saythat I wasn't a saint","Oliver!"
"1067",7049960,7056799,"I'm finding it hardTo be really as black as they paint","Oliver!"
"1068",7059553,7065891,"I'm reviewing the situation","Oliver!"
"1069",7065976,7069645,"Can a fellow be a villain all his life?","Oliver!"
"1070",7069813,7076902,"All the trials and tribulation!Better settle down and get myself a wife","Oliver!"
"1071",7076987,7080823,"And the wife would cook and sew for meAnd come for me, and go for me","Oliver!"
"1072",7080949,7084493,"And go for me and nag at meThe finger she would wag at me","Oliver!"
"1073",7084619,7088247,"The money she would take from meA misery she'd make for me","Oliver!"
"1074",7089166,7092168,"I think I'd better think it out again","Oliver!"
"1075",7094796,7101469,"A wife you can keep anywayI'd rather sleep anyway","Oliver!"
"1076",7103054,7107892,"Left without anyone in the worldAnd I'm starting from now","Oliver!"
"1077",7108727,7113814,"So how to win friendsand to influence people?","Oliver!"
"1078",7115066,7116525,"So how?","Oliver!"
"1079",7120238,7126076,"I'm reviewing the situation","Oliver!"
"1080",7126828,7129997,"I must quickly look up everyone I know","Oliver!"
"1081",7130373,7134084,"Titled people with a station","Oliver!"
"1082",7134169,7137755,"Who can help me makea real impressive show!","Oliver!"
"1083",7137839,7141425,"I will own a suite at Claridge'sAnd run a fleet of carriages","Oliver!"
"1084",7141510,7144678,"And wave at all the duchessesWith friendliness, as much as is","Oliver!"
"1085",7144763,7149600,"Befitting of my new estateGood morrow to you, Magistrate!","Oliver!"
"1086",7151686,7154104,"I think I'd better think it out again","Oliver!"
"1087",7156733,7158567,"So where shall I go?","Oliver!"
"1088",7159444,7161862,"Somebody!","Oliver!"
"1089",7162197,7165533,"Who do I know? Nobody!","Oliver!"
"1090",7166243,7171455,"All my dearest companionshave always been villains and thieves","Oliver!"
"1091",7171957,7176961,"So, at my time of lifeI should start turning over new leaves?","Oliver!"
"1092",7179214,7184760,"I'm reviewing the situation","Oliver!"
"1093",7184845,7188347,"If you want to eat, you've got to earn a bob","Oliver!"
"1094",7188515,7195145,"Is it such a humiliationFor a robber to perform an honest job?","Oliver!"
"1095",7195230,7199024,"So a job I'm getting, possiblyI wonder who my boss'll be?","Oliver!"
"1096",7199109,7202611,"I wonder if he'll take to me?What bonuses he'll make to me?","Oliver!"
"1097",7202696,7206282,"I'll start at 9:00 and finish lateAt normal rate and all, but wait!","Oliver!"
"1098",7206366,7208284,"I think I'd better think it out","Oliver!"
"1099",7210871,7212913,"I think I'd better think it out again!","Oliver!"
"1100",7226428,7231056,"What happens when I'm 70?","Oliver!"
"1101",7231808,7236562,"Must come a time, 70","Oliver!"
"1102",7237188,7239690,"When you're old and it's cold","Oliver!"
"1103",7239774,7245154,"And who cares if you live or you die?","Oliver!"
"1104",7248283,7255539,"Your one consolation'sthe money you may have put by","Oliver!"
"1105",7258168,7264256,"I'm reviewing the situation","Oliver!"
"1106",7264466,7267718,"I'm a bad 'un and a bad 'un I shall stay!","Oliver!"
"1107",7268053,7274308,"You'll be seeing no transformationBut it's wrong to be a rogue in every way","Oliver!"
"1108",7274976,7278812,"I don't want nobody hurt for meOr made to do the dirt for me","Oliver!"
"1109",7278897,7282107,"This rotten life is not for meIt's getting far too hot for me","Oliver!"
"1110",7282192,7286987,"There is no in-between for meBut who will change the scene for me?","Oliver!"
"1111",7287280,7290532,"Don't want no one to rob for me","Oliver!"
"1112",7290617,7296413,"But who will find a job for me?","Oliver!"
"1113",7298375,7301377,"I think I'd better think it out again!","Oliver!"
"1114",7302587,7305881,"And so, sir, the instant I received yourcommunication regarding dear little Oliver,","Oliver!"
"1115",7305966,7307925,"I decided we must takethe first coach to London.","Oliver!"
"1116",7308009,7310594,"-I decided.-That's right, sir, my dear wife decided.","Oliver!"
"1117",7310679,7313555,"It was good of you to come.Now, what have you got to tell me?","Oliver!"
"1118",7313640,7316183,"This locket, sir, once belongedto the boy's mother.","Oliver!"
"1119",7316267,7319019,"Found by the wife after she passed away.","Oliver!"
"1120",7319104,7321855,"The boy's mother, that is, not my dear wife.","Oliver!"
"1121",7333576,7337079,"-You've kept this all these years?-Why should I not?","Oliver!"
"1122",7337247,7341083,"Did it not occur to you that this mightprovide the answer to the boy's parentage?","Oliver!"
"1123",7341209,7343085,"His identity? His very name?","Oliver!"
"1124",7343169,7345337,"But he had no name, sir.The mother was unmarried.","Oliver!"
"1125",7345422,7349091,"It was your clear duty to show this evidenceto some higher authority.","Oliver!"
"1126",7349259,7352845,"-Your behavior, madam, was shameful!-How dare you speak to me so?","Oliver!"
"1127",7352929,7354847,"I only came here to help you.","Oliver!"
"1128",7355265,7358183,"You came here to profitfrom your own greed and dishonesty.","Oliver!"
"1129",7358268,7360853,"Sir, if you think the locketdon't properly belong to my dear wife...","Oliver!"
"1130",7360937,7362521,"-Be quiet, you old fool!-Here. Your reward,","Oliver!"
"1131",7362605,7363689,"and something for the locket. Take it.","Oliver!"
"1132",7363773,7365524,"Think yourselves luckyyou're not in the hands of the law.","Oliver!"
"1133",7365608,7369611,"-Mrs. Bedwin, show these people out.-There's gratitude for you!","Oliver!"
"1134",7371406,7375451,"I hope this unfortunate little circumstancewon't deprive me of my parochial office?","Oliver!"
"1135",7375577,7377453,"My hope, sir, is that it will.","Oliver!"
"1136",7377579,7380622,"But it was all Mrs. Bumble, sir.I knew nothing of it until yesterday.","Oliver!"
"1137",7380749,7384209,"That's no excuse. In the eyes of the law,you are the more guilty of the two.","Oliver!"
"1138",7384294,7387379,"For the law supposesthat your wife acts under your direction.","Oliver!"
"1139",7387464,7390382,"If that's what the law supposes, sir,then the law's an ass!","Oliver!"
"1140",7390467,7393135,"If that's the eye of the law, sir,then law is a bachelor!","Oliver!"
"1141",7393303,7397222,"And the worst I wish the law is that its eyemay be opened by experience!","Oliver!"
"1142",7397307,7399224,"By experience, sir!","Oliver!"
"1143",7409152,7412821,"Sir, the locket, I didn't really see it.","Oliver!"
"1144",7412989,7417618,"I recognized it at once. I gave itto my niece, Emily, on her 18th birthday.","Oliver!"
"1145",7418828,7422831,"So it wasn't just her young man jilting herthat made her run away?","Oliver!"
"1146",7423083,7424166,"No.","Oliver!"
"1147",7425251,7429338,"She must have made her way to thatworkhouse and had her baby there.","Oliver!"
"1148",7464791,7466291,"What's going on?","Oliver!"
"1149",7468044,7471839,"-Why have you brought the boy here?-'Cause he's coming on a job","Oliver!"
"1150",7473133,7474299,"with me.","Oliver!"
"1151",7474384,7475717,"But why him?","Oliver!"
"1152",7477178,7479388,"Because I need a little one.","Oliver!"
"1153",7480056,7481473,"That's why.","Oliver!"
"1154",7481891,7483725,"And he's nice and thin.","Oliver!"
"1155",7484394,7487563,"And on this particular job,that's what counts.","Oliver!"
"1156",7490066,7491400,"Must I go?","Oliver!"
"1157",7491818,7495529,"One word out of youwhile you're out with me","Oliver!"
"1158",7496406,7498740,"and you know what will happen.","Oliver!"
"1159",7506249,7510085,"Bill, you can't do this to him.Please! You can't!","Oliver!"
"1160",7510420,7513338,"-I won't let you...-We'll have no more of that.","Oliver!"
"1161",7518052,7520679,"You just be at the tavern at 11:00.","Oliver!"
"1162",7543953,7545204,"Bull's-eye.","Oliver!"
"1163",7579155,7581573,"I've come about Oliver.Look, could you tell Brownlow...","Oliver!"
"1164",7581658,7584159,"-You better come inside. Mr. Brownlow!-No. Don't call him.","Oliver!"
"1165",7584285,7586828,"-I just want to leave a message...-But he'll want to see you.","Oliver!"
"1166",7586913,7589748,"-Please! I can't stay!-Sir, this person says that she wants to...","Oliver!"
"1167",7589832,7591917,"-Who is it?-It's about the boy, sir.","Oliver!"
"1168",7592001,7594419,"-Is there news of him?-He's in danger. In bad company.","Oliver!"
"1169",7594504,7596922,"He was dragged offthe day you sent him out with them books.","Oliver!"
"1170",7597006,7599424,"-Who took him?-Me and someone else.","Oliver!"
"1171",7599509,7601843,"-You took him by force?-Yes!","Oliver!"
"1172",7602512,7604429,"And God help me,I wish now I'd never been part of it.","Oliver!"
"1173",7604514,7607432,"But where is he now?And who is this other person you speak of?","Oliver!"
"1174",7607517,7609017,"-Can you take me to him?-No, no, I can't.","Oliver!"
"1175",7609102,7610852,"You want to help the boy, don't you?Why else are you here?","Oliver!"
"1176",7610979,7612938,"-Yes, I do want to help him, but...-Then tell me where he is!","Oliver!"
"1177",7613022,7614356,"I can't!","Oliver!"
"1178",7615858,7617442,"But I'll bring him to you.","Oliver!"
"1179",7617527,7619027,"Not here. It's too far.","Oliver!"
"1180",7619112,7620487,"Where, then?","Oliver!"
"1181",7621447,7624283,"The bridge.London Bridge, tonight at midnight.","Oliver!"
"1182",7625285,7628787,"But you've got to come alone.Promise you'll come on your own!","Oliver!"
"1183",7630623,7634501,"You don't trust me, do you?But you've got to.","Oliver!"
"1184",7636879,7640215,"-I'll be there.-Thank God. Now let me go.","Oliver!"
"1185",7640883,7643635,"Wait! Is the boy hurt? III-treated?If so, I shall...","Oliver!"
"1186",7643720,7648140,"I can't say no more. Please!He'll kill me as it is if he finds out.","Oliver!"
"1187",7648891,7651893,"-Who is this man?-No, I won't tell you!","Oliver!"
"1188",7653396,7656064,"Whatever else I do, I won't turn on him.","Oliver!"
"1189",7660528,7662237,"You wouldn't understand.","Oliver!"
"1190",7666492,7668035,"I've got to go back.","Oliver!"
"1191",7669871,7671330,"I want to go back.","Oliver!"
"1192",7675710,7678378,"-Promise you'll come?-At 12:00.","Oliver!"
"1193",7710745,7713038,"Now, you remember, you little worm.","Oliver!"
"1194",7713122,7714206,"The front door.","Oliver!"
"1195",7728888,7729971,"There.","Oliver!"
"1196",7780690,7781690,"Hurry!","Oliver!"
"1197",7789991,7791533,"Look above you.","Oliver!"
"1198",7836913,7838914,"Who is it? Who's there?","Oliver!"
"1199",7839582,7842542,"Rufus! Jenkins! Come on down. Seize him!","Oliver!"
"1200",7848090,7849841,"Seize him! Seize him! Good dogs!","Oliver!"
"1201",7891592,7895136,"Why worry, my dear? He always turns up!","Oliver!"
"1202",7899976,7903270,"Maybe he's taken Oliver back to my place.","Oliver!"
"1203",7903479,7906398,"-He said he was coming straight here.-Then that is what he will do!","Oliver!"
"1204",7920830,7924749,"-Everything all right, Bill?-No, it's not, Fagin.","Oliver!"
"1205",7925626,7928837,"The little brat woke them up.We had to run for it.","Oliver!"
"1206",7928963,7930505,"Anybody see you?","Oliver!"
"1207",7930590,7931840,"No.","Oliver!"
"1208",7937597,7940473,"I'll just take the boy and put him to bed.I'll be back.","Oliver!"
"1209",7940600,7941766,"Oi.","Oliver!"
"1210",7944520,7945812,"Put him back.","Oliver!"
"1211",7955531,7956990,"Bull's-eye.","Oliver!"
"1212",7957700,7959117,"Bull's-eye?","Oliver!"
"1213",7959201,7962537,"Bull's-eye, watch him, will you?Go on, watch him!","Oliver!"
"1214",7962622,7963663,"Sit.","Oliver!"
"1215",7969170,7972881,"Oom-pah-pah! Oom-pah-pah!That's how it goes","Oliver!"
"1216",7972965,7976718,"Oom-pah-pah! Oom-pah-pah!Everyone knows","Oliver!"
"1217",7976844,7980305,"They all supposewhat they want to suppose","Oliver!"
"1218",7980389,7983975,"When they hear oom-pah-pah!","Oliver!"
"1219",7984685,7988146,"Oom-pah-pah! Oom-pah-pah!That's how it goes","Oliver!"
"1220",7988731,7992400,"Oom-pah-pah! Oom-pah-pah!Everyone knows","Oliver!"
"1221",7992818,7998531,"They all supposewhat they want to suppose","Oliver!"
"1222",7998991,8002410,"When they hear oom-pah-pah!","Oliver!"
"1223",8002995,8005080,"Oom-pah-pah! Oom-pah-pah!","Oliver!"
"1224",8005164,8008667,"There's a little dittyThey're singing in the city","Oliver!"
"1225",8008751,8013088,"Especially when they've beenOn the gin or the beer","Oliver!"
"1226",8013214,8016591,"If you got the patienceYour own imaginations","Oliver!"
"1227",8016717,8020762,"Will tell you just exactlywhat you want to hear","Oliver!"
"1228",8020930,8025100,"Oom-pah-pah! Oom-pah-pah!That's how it goes","Oliver!"
"1229",8025184,8028728,"Oom-pah-pah! Oom-pah-pah!Everyone knows","Oliver!"
"1230",8028938,8033024,"They all supposewhat they want to suppose","Oliver!"
"1231",8033109,8036528,"When they hear oom-pah-pah!","Oliver!"
"1232",8039198,8042617,"Mr. Percy SnodgrassWould often have the odd glass","Oliver!"
"1233",8042743,8046454,"But never when he thoughtanybody could see","Oliver!"
"1234",8047039,8050291,"Secretly he'd buy itAnd drink it on the quiet","Oliver!"
"1235",8050418,8054713,"And dream he was an earlWith an girl on each knee","Oliver!"
"1236",8054797,8058800,"Oom-pah-pah! Oom-pah-pah!That's how it goes","Oliver!"
"1237",8058926,8062887,"Oom-pah-pah! Oom-pah-pah!Everyone knows","Oliver!"
"1238",8062972,8068810,"What is the cause of his red shiny nose?","Oliver!"
"1239",8069145,8073148,"Could it be oom-pah-pah?","Oliver!"
"1240",8073315,8077235,"What is the cause of his red shiny nose?","Oliver!"
"1241",8077319,8080488,"Could it be oom-pah-pah?","Oliver!"
"1242",8084910,8088663,"Pretty little SallyGoes walking down the alley","Oliver!"
"1243",8088789,8092584,"Displays her pretty anklesfor all of the men","Oliver!"
"1244",8092668,8096254,"They can see her gartersBut not for free and gratis","Oliver!"
"1245",8096338,8100091,"An inch or two, and thenShe knows when to say when!","Oliver!"
"1246",8100342,8104095,"Oom-pah-pah! Oom-pah-pah!That's how it goes","Oliver!"
"1247",8104180,8107766,"Oom-pah-pah! Oom-pah-pah!Everyone knows","Oliver!"
"1248",8108184,8113855,"Whether it's hidden or whether it shows","Oliver!"
"1249",8115316,8118860,"It's the same oom-pah-pah","Oliver!"
"1250",8119445,8122947,"She was from the countryBut now she's up a gum tree","Oliver!"
"1251",8123032,8126868,"She let a fellow feed herThen lead her along","Oliver!"
"1252",8127161,8130580,"What's the good of crying?She's made her bed to lie in","Oliver!"
"1253",8130748,8134542,"She's glad to bring the coin inAnd join in this song","Oliver!"
"1254",8136504,8140632,"Oom-pah-pah! Oom-pah-pah!That's how it goes","Oliver!"
"1255",8140716,8144219,"Oom-pah-pah! Oom-pah-pah!Everyone knows","Oliver!"
"1256",8144553,8149265,"She is no longer the same blushing rose","Oliver!"
"1257",8149391,8152352,"Ever since oom-pah-pah!","Oliver!"
"1258",8153270,8160151,"Oom-pah-pah!","Oliver!"
"1259",8160236,8168910,"Oom-pah-pah! Oom-pah-pah!Oom-pah-pah! Oom-pah-pah!","Oliver!"
"1260",8169036,8172664,"There's a little dittyThey're singing in the city","Oliver!"
"1261",8172748,8176543,"Especially when they've beenOn the gin or the beer","Oliver!"
"1262",8176794,8180421,"If you got the patienceYour own imaginations","Oliver!"
"1263",8180548,8184509,"Will tell you just exactlywhat you want to hear","Oliver!"
"1264",8184593,8188388,"Oom-pah-pah! Oom-pah-pah!That's how it goes","Oliver!"
"1265",8188472,8192225,"Oom-pah-pah! Oom-pah-pah!Everyone knows","Oliver!"
"1266",8192434,8196312,"They all supposewhat they want to suppose","Oliver!"
"1267",8196438,8198606,"When they hear oom-pah-pah!","Oliver!"
"1268",8207783,8211911,"Oom-pah-pah! Oom-pah-pah!That's how it goes","Oliver!"
"1269",8211996,8215707,"Oom-pah-pah! Oom-pah-pah!Everyone knows","Oliver!"
"1270",8215791,8221629,"They all supposewhat they want to suppose","Oliver!"
"1271",8222298,8228469,"When they hear oom-pah-pah!","Oliver!"
"1272",8228596,8231472,"Careful, Bill! Please! No violence!","Oliver!"
"1273",8283859,8285526,"There! You see him?","Oliver!"
"1274",8285653,8287362,"Now go on. Quick!","Oliver!"
"1275",8291867,8293034,"Go on. Go on.","Oliver!"
"1276",8295037,8298998,"-Stop! Stop!-I'll pay you back!","Oliver!"
"1277",8341583,8342750,"Bull's-eye!","Oliver!"
"1278",8346547,8348589,"Bull's-eye! Come here, boy.","Oliver!"
"1279",8352553,8353761,"Bull's-eye!","Oliver!"
"1280",8354138,8355805,"Bull's-eye, come here!","Oliver!"
"1281",8356390,8364772,"You come here, Bull's-eye.","Oliver!"
"1282",8365232,8369277,"They've seen you, Bull's-eye.So you can't come with me no further.","Oliver!"
"1283",8369611,8372822,"'Cause if you do,they'll know you, Bull's-eye.","Oliver!"
"1284",8374116,8375408,"Come on.","Oliver!"
"1285",8375576,8378619,"You ain't afraid of me, are you, Bull's-eye?","Oliver!"
"1286",8378954,8380663,"Bull's-eye, you come here.","Oliver!"
"1287",8382124,8383791,"Come here, Bull's-eye!","Oliver!"
"1288",8392134,8393634,"You see anyone about?","Oliver!"
"1289",8393927,8397305,"I don't know.I thought I saw someone running.","Oliver!"
"1290",8399767,8401976,"Here, that dog was here just now.","Oliver!"
"1291",8403437,8405980,"Wait a moment, I think I know him.Bull's-eye?","Oliver!"
"1292",8406607,8409484,"That's Bull's-eye, Bill Sikes' dog.They're always around together.","Oliver!"
"1293",8409651,8412111,"If anyone can find Sikes for you, he can.","Oliver!"
"1294",8412988,8415656,"Bull's-eye? Come on, Bull's-eye.Come on, boy.","Oliver!"
"1295",8444228,8447855,"Brass! I want some brass!I've got to get away.","Oliver!"
"1296",8447981,8449148,"What's wrong, Bill?","Oliver!"
"1297",8449233,8451818,"Do you understand? I want brass.Brass! Money!","Oliver!"
"1298",8454238,8457365,"There's blood on your coat.","Oliver!"
"1299",8460994,8462537,"Where's Nancy?","Oliver!"
"1300",8463664,8464831,"Bill?","Oliver!"
"1301",8465916,8471254,"Bill Sikes, what did you do?What did you do?","Oliver!"
"1302",8472923,8475091,"She won't peach on nobody no more.","Oliver!"
"1303",8477594,8479929,"You shouldn't have done that.","Oliver!"
"1304",8483058,8485268,"She peached? Are you sure?","Oliver!"
"1305",8485394,8487728,"Well, she must have done, mustn't she?","Oliver!"
"1306",8487855,8490898,"She was handing the boy overto Brownlow on the bridge.","Oliver!"
"1307",8491066,8492900,"He was there, waiting for her.","Oliver!"
"1308",8493026,8496654,"Then what did you come here for?Get out! Do you hear me? Get out!","Oliver!"
"1309",8496738,8498030,"I want money!","Oliver!"
"1310",8499241,8503077,"How much? 10? 20?","Oliver!"
"1311",8503412,8504453,"Not all of it!","Oliver!"
"1312",8504580,8506497,"If anyone at allshould come here asking for me...","Oliver!"
"1313",8506582,8508082,"They won't find me here.","Oliver!"
"1314",8508208,8511878,"You don't think I'm going to stand hereand wait for them, do you?","Oliver!"
"1315",8513255,8514922,"It's him.","Oliver!"
"1316",8516466,8517758,"Bull's-eye.","Oliver!"
"1317",8526101,8530479,"Quick, boys! All of you!We're changing lodgings!","Oliver!"
"1318",8536945,8540781,"Nancy, I loved you, didn't I?Look what you've done to me.","Oliver!"
"1319",8545913,8550124,"Bill! Why make things worse? Leave him!","Oliver!"
"1320",8550292,8551751,"It's me they're after!","Oliver!"
"1321",8551835,8554795,"But they won't go for me.Not with the boy close, they won't.","Oliver!"
"1322",8554963,8556297,"So you keep out of it!","Oliver!"
"1323",8556506,8558299,"Out the back way. Come on!","Oliver!"
"1324",8588038,8589538,"Look! Up there!","Oliver!"
"1325",8589665,8592792,"It's him! It's Bill Sikes! It's him for sure!","Oliver!"
"1326",8593168,8594794,"And the boy!","Oliver!"
"1327",8596546,8598839,"-Murderer!-Villain!","Oliver!"
"1328",8598966,8600841,"Scoundrel!","Oliver!"
"1329",8601843,8604178,"The hangman's waiting for you, Sikes!","Oliver!"
"1330",8617818,8619819,"Get back! Get back!","Oliver!"
"1331",8620195,8621862,"Get back!","Oliver!"
"1332",8647222,8650891,"The other street! The other street, quickly!","Oliver!"
"1333",8654396,8657106,"-After you, Fagin.-After you, Dodger.","Oliver!"
"1334",8670746,8672330,"Don't bother with that. Get out of it.","Oliver!"
"1335",8672414,8673831,"Hey, Fagin, what do I do?","Oliver!"
"1336",8673915,8676751,"Live up to your name, Dodger.Dodge about. Sharpish!","Oliver!"
"1337",8770887,8772346,"Get up there!","Oliver!"
"1338",8773223,8778394,"Now, then. You loop the ropeover the end of the beam there.","Oliver!"
"1339",8799666,8824565,"That's right.","Oliver!"
"1340",8826401,8827735,"That's good.","Oliver!"
"1341",8907524,8911235,"Can somebody change?","Oliver!"
"1342",8911319,8913612,"It's possible","Oliver!"
"1343",8914823,8917783,"Maybe it's strange","Oliver!"
"1344",8918159,8921161,"But it's possible","Oliver!"
"1345",8922330,8926875,"All my dearest companions and treasures","Oliver!"
"1346",8927335,8931547,"I've left them behind","Oliver!"
"1347",8934843,8938012,"I'll turn a leaf over","Oliver!"
"1348",8939556,8945519,"And who can tell what I may find?","Oliver!"
"1349",8975342,8976884,"Yes, young man?","Oliver!"
"1350",8978803,8982264,"And do I have the honorof your acquaintance?","Oliver!"
"1351",8990065,8991273,"Lined?","Oliver!"
"1352",8992150,8995736,"Only the best.Lovely workmanship, ain't it?","Oliver!"
"1353",9016758,9023597,"I'm reviewing the situation","Oliver!"
"1354",9024265,9027351,"Once the villain, you're a villainto the end","Oliver!"
"1355",9028269,9029812,"Your light fingers","Oliver!"
"1356",9029938,9031438,"Your inspiration","Oliver!"
"1357",9032107,9033107,"What a team!","Oliver!"
"1358",9033191,9034233,"Am I your partner?","Oliver!"
"1359",9034317,9036026,"More a friend","Oliver!"
"1360",9036111,9040197,"For your talent is employableSo make your life enjoyable","Oliver!"
"1361",9040281,9044201,"A world with pockets open wideAwaits your whim to grope inside","Oliver!"
"1362",9044285,9045911,"Collections undetectable","Oliver!"
"1363",9045995,9047788,"We might retire respectable","Oliver!"
"1364",9047872,9049957,"Together till our dying day","Oliver!"
"1365",9050041,9056213,"The living proof that crime can pay","Oliver!"
"1366",9057132,9060008,"I think we'll have to think it out again!","Oliver!"
"1367",9106181,9109266,"Consider yourself well in","Oliver!"
"1368",9109350,9112895,"Consider yourselfpart of the furniture","Oliver!"
"1369",9113021,9115689,"There isn't a lot to spare","Oliver!"
"1370",9116232,9117900,"Who cares?","Oliver!"
"1371",9118026,9119943,"Whatever we've got we share","Oliver!"
"1372",9120028,9122696,"Consider yourself our mate","Oliver!"
"1373",9123740,9126533,"We don't wantto have no fuss","Oliver!"
"1374",9127202,9130704,"For after someconsideration we can state","Oliver!"
"1375",9130872,9137044,"Consider yourself","Oliver!"
"1376",9138046,9144802,"Consider yourselfone of us","Oliver!"