title,url,url2
,,
,,
,,
12 Strong (2018),/en/subtitles/en-12-strong-2018/8GBF/download,/en/subtitles/en-12-strong-2018/8GBF/download
,,
Jumanji: Welcome to the Jungle (2017),/en/subtitles/en-jumanji-welcome-to-the-jungle-2017/_khF/download,/en/subtitles/en-jumanji-welcome-to-the-jungle-2017/_khF/download
Up (2009),/en/subtitles/en-fired-up-2009/giwH/download,/en/subtitles/en-up-2009/9dIH/download
Tangled (2010),/en/subtitles/en-tangled-2010/p08P/download,/en/subtitles/en-tangled-2010/p08P/download
White Heat (1949),/en/subtitles/en-white-heat-1949/rPgF/download,/en/subtitles/en-white-heat-1949/rPgF/download
,,
"Strange Love of Martha Ivers, The (1946)",/en/subtitles/en-strange-love-of-martha-ivers-the-1946/-V4C/download,/en/subtitles/en-strange-love-of-martha-ivers-the-1946/-V4C/download
Gilda (1946),/en/subtitles/en-gilda-1946/d0I_/download,/en/subtitles/en-gilda-1946/3KkD/download
Key Largo (1948),/en/subtitles/en-key-largo-1948/uRAB/download,/en/subtitles/en-key-largo-1948/uRAB/download
Spellbound (1945),/en/subtitles/en-spellbound-1945/qRA/download,/en/subtitles/en-spellbound-1945/qRA/download
"Petrified Forest, The (1936)",/en/subtitles/en-petrified-forest-the-1936/FT8G/download,/en/subtitles/en-petrified-forest-the-1936/FT8G/download
Laura (1944),/en/subtitles/en-laura-1944/VmkF/download,/en/subtitles/en-laura-1944/VmkF/download
,,
,,
Sirocco (1951),/en/subtitles/en-sirocco-1951/gHY/download,/en/subtitles/en-sirocco-1951/gHY/download
Ace in the Hole (1951),/en/subtitles/en-ace-in-the-hole-1951/DPww/download,/en/subtitles/en-ace-in-the-hole-1951/DPww/download
Don't Bother to Knock (1952),/en/subtitles/en-don%27t-bother-to-knock-1952/hZUD/download,/en/subtitles/en-don%27t-bother-to-knock-1952/hZUD/download
Angels with Dirty Faces (1938),/en/subtitles/en-angels-with-dirty-faces-1938/W2QB/download,/en/subtitles/en-angels-with-dirty-faces-1938/W2QB/download
Killer's Kiss (1955),/en/subtitles/en-killer%27s-kiss-1955/DOYB/download,/en/subtitles/en-killer%27s-kiss-1955/DOYB/download
,,
All the King's Men (1949),/en/subtitles/en-all-the-king%27s-men-1949/XMEB/download,/en/subtitles/en-all-the-king%27s-men-1949/XMEB/download
"Lost Weekend, The (1945)",/en/subtitles/en-lost-weekend-the-1945/O9ca/download,/en/subtitles/en-lost-weekend-the-1945/O9ca/download
"Big Heat, The (1953)",/en/subtitles/en-big-heat-the-1953/6nMg/download,/en/subtitles/en-big-heat-the-1953/6nMg/download
"Postman Always Rings Twice, The (1946)",/en/subtitles/en-postman-always-rings-twice-the-1946/C0Q/download,/en/subtitles/en-postman-always-rings-twice-the-1946/C0Q/download
"Wrong Man, The (1956)",/en/subtitles/en-wrong-man-the-1956/4kI_/download,/en/subtitles/en-wrong-man-the-1956/ok8B/download
Sweet Smell of Success (1957),/en/subtitles/en-sweet-smell-of-success-1957/x80G/download,/en/subtitles/en-sweet-smell-of-success-1957/x80G/download
Niagara (1953),/en/subtitles/en-niagara-1953/bCYC/download,/en/subtitles/en-niagara-1953/bCYC/download
Kiss Me Deadly (1955),/en/subtitles/en-kiss-me-deadly-1955/m2oJ/download,/en/subtitles/en-kiss-me-deadly-1955/m2oJ/download
"Lady from Shanghai, The (1947)",/en/subtitles/en-lady-from-shanghai-the-1947/kTI/download,/en/subtitles/en-lady-from-shanghai-the-1947/kTI/download
"Killers, The (1946)",/en/subtitles/en-killers-the-1946/tWsE/download,/en/subtitles/en-killers-the-1946/tWsE/download
"Asphalt Jungle, The (1950)",/en/subtitles/en-asphalt-jungle-the-1950/tlEB/download,/en/subtitles/en-asphalt-jungle-the-1950/tlEB/download
The Death of Stalin (2017),/en/subtitles/en-the-death-of-stalin-2017/jj9F/download,/en/subtitles/en-the-death-of-stalin-2017/jj9F/download
Doctor Strange (2016),/en/subtitles/en-doctor-strange-2016/cSVD/download,/en/subtitles/en-doctor-strange-2016/qyJD/download
Suicide Squad (2016),/en/subtitles/en-suicide-squad-2016/AENC/download,/en/subtitles/en-suicide-squad-2016/fj1C/download
,,
Wildling (2018),/en/subtitles/en-wildling-2018/-mZF/download,/en/subtitles/en-wildling-2018/-mZF/download
I Kill Giants (2017),/en/subtitles/en-i-kill-giants-2017/-lZF/download,/en/subtitles/en-i-kill-giants-2017/-lZF/download
Mildred Pierce (1945),/en/subtitles/en-mildred-pierce-1945/Ybwm/download,/en/subtitles/en-mildred-pierce-1945/yzI/download
Out of the Past (1947),/en/subtitles/en-out-of-the-past-1947/Ew0C/download,/en/subtitles/en-out-of-the-past-1947/Ew0C/download
Leave Her to Heaven (1945),/en/subtitles/en-leave-her-to-heaven-1945/bMEI/download,/en/subtitles/en-leave-her-to-heaven-1945/bMEI/download
"Lineup, The (1958)",/en/subtitles/en-lineup-the-1958/wTYH/download,/en/subtitles/en-lineup-the-1958/wTYH/download
Scarface (1932),/en/subtitles/en-scarface-1932/EscH/download,/en/subtitles/en-scarface-1932/EscH/download
Notorious (1946),/en/subtitles/en-notorious-1946/wQ8X/download,/en/subtitles/en-notorious-1946/wQ8X/download
"Big Sleep, The (1946)",,/en/subtitles/en-big-sleep-the-1946/x-8B/download
,,
Strangers on a Train (1951),/en/subtitles/en-strangers-on-a-train-1951/Pukj/download,/en/subtitles/en-strangers-on-a-train-1951/Pukj/download
The Killing (1956),/en/subtitles/en-the-killing-1956/0YoT/download,/en/subtitles/en-the-killing-1956/0YoT/download
Touch of Evil (1958),/en/subtitles/en-touch-of-evil-1958/HtAU/download,/en/subtitles/en-touch-of-evil-1958/HtAU/download
The Maltese Falcon (1941),/en/subtitles/en-the-maltese-falcon-1941/R4Yx/download,/en/subtitles/en-the-maltese-falcon-1941/R4Yx/download
Double Indemnity (1944),/en/subtitles/en-double-indemnity-1944/ECo2/download,/en/subtitles/en-double-indemnity-1944/ECo2/download
Dial M for Murder (1954),/en/subtitles/en-dial-m-for-murder-1954/W8kh/download,/en/subtitles/en-dial-m-for-murder-1954/QVIB/download
,,
The Night of the Hunter (1955),/en/subtitles/en-the-night-of-the-hunter-1955/Sh4P/download,/en/subtitles/en-the-night-of-the-hunter-1955/Sh4P/download
In a Lonely Place (1950),/en/subtitles/en-in-a-lonely-place-1950/uK4/download,/en/subtitles/en-in-a-lonely-place-1950/uK4/download
"Third Man, The (1949)",/en/subtitles/en-third-man-the-1949/MXUI/download,/en/subtitles/en-third-man-the-1949/MXUI/download
,,
Gaslight (1944),/en/subtitles/en-gaslight-1944/rgEl/download,/en/subtitles/en-gaslight-1944/kWUB/download
Undercurrent (1946),/en/subtitles/en-undercurrent-1946/eW0D/download,/en/subtitles/en-undercurrent-1946/eW0D/download
Suddenly (1954),/en/subtitles/en-suddenly-1954/tE0G/download,/en/subtitles/en-suddenly-1954/tE0G/download
The Jungle Book (2016),/en/subtitles/en-the-jungle-book-2016/10lB/download,/en/subtitles/en-the-jungle-book-2016/kEhB/download
Maleficent (2014),/en/subtitles/en-maleficent-2014/8s41/download,/en/subtitles/en-maleficent-2014/AfUw/download
,,
,,
,,
The Danish Girl (2015),/en/subtitles/en-the-danish-girl-2015/ZHM_/download,/en/subtitles/en-the-danish-girl-2015/ZHM_/download
Into the Wild (2007),/en/subtitles/en-into-the-wild-2007/XVYI/download,/en/subtitles/en-into-the-wild-2007/CQoE/download
The Sound of Music (1965),/en/subtitles/en-the-sound-of-music-1965/HWg5/download,/en/subtitles/en-the-sound-of-music-1965/HWg5/download
The Imitation Game (2014),/en/subtitles/en-the-imitation-game-2014/8_s6/download,/en/subtitles/en-the-imitation-game-2014/LR05/download
Professor Marston and the Wonder Women (2017),/en/subtitles/en-professor-marston-and-the-wonder-women-2017/WyRF/download,/en/subtitles/en-professor-marston-and-the-wonder-women-2017/WyRF/download
Jumanji: Welcome to the Jungle (2017),/en/subtitles/en-jumanji-welcome-to-the-jungle-2017/_khF/download,/en/subtitles/en-jumanji-welcome-to-the-jungle-2017/_khF/download
Catch Me If You Can (2002),/en/subtitles/en-catch-me-if-you-can-2002/FCE7/download,/en/subtitles/en-catch-me-if-you-can-2002/FCE7/download
The Lost City of Z (2016),/en/subtitles/en-the-lost-city-of-z-2016/bohE/download,/en/subtitles/en-the-lost-city-of-z-2016/bohE/download
The Big Short (2015),/en/subtitles/en-the-big-short-2015/M6BA/download,/en/subtitles/en-the-big-short-2015/2QA_/download
Battle of the Sexes (2017),/en/subtitles/en-battle-of-the-sexes-2017/3RdF/download,/en/subtitles/en-battle-of-the-sexes-2017/3RdF/download
The Theory of Everything (2014),/en/subtitles/en-the-theory-of-everything-2014/nQo6/download,/en/subtitles/en-the-theory-of-everything-2014/3H04/download
Hidden Figures (2016),/en/subtitles/en-hidden-figures-2016/lI9D/download,/en/subtitles/en-hidden-figures-2016/kY9D/download
Despicable Me (2010),/en/subtitles/en-despicable-me-2010/HCUP/download,/en/subtitles/en-despicable-me-2010/RSY9/download
Finding Nemo (2003),/en/subtitles/en-finding-nemo-2003/s0QQ/download,/en/subtitles/en-finding-nemo-2003/s0QQ/download
,,
Mulan (1998),/en/subtitles/en-mulan-1998/HdUW/download,/en/subtitles/en-mulan-1998/HdUW/download
Toy Story (1995),/en/subtitles/en-toy-story-1995/J74R/download,/en/subtitles/en-toy-story-1995/J74R/download
Sen to Chihiro no kamikakushi (2001),/en/subtitles/en-sen-to-chihiro-no-kamikakushi-2001/K4o1/download,/en/subtitles/en-sen-to-chihiro-no-kamikakushi-2001/K4o1/download
"Fantastic Mr. Fox, The (2009)",/en/subtitles/en-fantastic-mr-fox-the-2009/mwMK/download,/en/subtitles/en-fantastic-mr-fox-the-2009/mwMK/download
Trolls (2016),/en/subtitles/en-trolls-2016/ud1C/download,/en/subtitles/en-trolls-2016/Sn1C/download
Inside Out (2015),/en/subtitles/en-inside-out-2015/RzQ-/download,/en/subtitles/en-inside-out-2015/Vz0-/download
Sunset Blvd. (1950),/en/subtitles/en-sunset-blvd-1950/5yUg/download,/en/subtitles/en-sunset-blvd-1950/5yUg/download
Wonderstruck (2017),/en/subtitles/en-wonderstruck-2017/NFFF/download,/en/subtitles/en-wonderstruck-2017/NFFF/download
The Goonies (1985),/en/subtitles/en-the-goonies-1985/6NYE/download,/en/subtitles/en-the-goonies-1985/6NYE/download
Fantastic Beasts and Where to Find Them (2016),/en/subtitles/en-fantastic-beasts-and-where-to-find-them-2016/ujxD/download,/en/subtitles/en-fantastic-beasts-and-where-to-find-them-2016/ojpD/download
"Princess Bride, The (1987)",/en/subtitles/en-princess-bride-the-1987/mgsI/download,/en/subtitles/en-princess-bride-the-1987/mgsI/download
Cinderella (2015),/en/subtitles/en-cinderella-2015/OgA9/download,/en/subtitles/en-cinderella-2015/6_s7/download
The Flintstones (1994),/en/subtitles/en-the-flintstones-1994/EXQ3/download,/en/subtitles/en-the-flintstones-1994/EXQ3/download
Jumanji (1995),/en/subtitles/en-jumanji-1995/7NsS/download,/en/subtitles/en-jumanji-1995/7NsS/download
,,
Harry Potter and the Sorcerer's Stone (2001),/en/subtitles/en-harry-potter-and-the-sorcerer%27s-stone-2001/aqUs/download,/en/subtitles/en-harry-potter-and-the-sorcerer%27s-stone-2001/aqUs/download
Beauty and the Beast (2017),/en/subtitles/en-beauty-and-the-beast-2017/XSRE/download,/en/subtitles/en-beauty-and-the-beast-2017/_y1E/download
Lemony Snicket's A Series of Unfortunate Events (2004),/en/subtitles/en-lemony-snicket%27s-a-series-of-unfortunate-events-2004/e-wZ/download,/en/subtitles/en-lemony-snicket%27s-a-series-of-unfortunate-events-2004/e-wZ/download
,,
Lost in Space (1998),/en/subtitles/en-lost-in-space-1998/zTkI/download,/en/subtitles/en-lost-in-space-1998/zTkI/download
Wonder Woman (2017),/en/subtitles/en-wonder-woman-2017/7MJE/download,/en/subtitles/en-wonder-woman-2017/7MJE/download
"Sandlot, The (1993)",/en/subtitles/en-sandlot-the-1993/mFkR/download,/en/subtitles/en-sandlot-the-1993/mFkR/download
,,
Valerian and the City of a Thousand Planets (2017),/en/subtitles/en-valerian-and-the-city-of-a-thousand-planets-2017/uPpE/download,/en/subtitles/en-valerian-and-the-city-of-a-thousand-planets-2017/uPpE/download
,,
Wonder Woman (2017),/en/subtitles/en-wonder-woman-2017/7MJE/download,/en/subtitles/en-wonder-woman-2017/7MJE/download
Guardians of the Galaxy Vol. 2 (2017),/en/subtitles/en-guardians-of-the-galaxy-vol-2-2017/BrZE/download,/en/subtitles/en-guardians-of-the-galaxy-vol-2-2017/BrZE/download
,,
,,
Hostiles (2017),/en/subtitles/en-hostiles-2017/bWRF/download,/en/subtitles/en-hostiles-2017/bWRF/download
Deadpool (2016),/en/subtitles/en-deadpool-2016/971B/download,/en/subtitles/en-deadpool-2016/s-Y_/download
You Were Never Really Here (2017),/en/subtitles/en-you-were-never-really-here-2017/uWJF/download,/en/subtitles/en-you-were-never-really-here-2017/uWJF/download
,,
,,
,,
,,
,,
,,
Murder on the Orient Express (2017),/en/subtitles/en-murder-on-the-orient-express-2017/bzlF/download,/en/subtitles/en-murder-on-the-orient-express-2017/bzlF/download
"Three Billboards Outside Ebbing, Missouri (2017)",/en/subtitles/en-three-billboards-outside-ebbing-missouri-2017/XjxF/download,/en/subtitles/en-three-billboards-outside-ebbing-missouri-2017/XjxF/download
,,
,,
Pitch Perfect 3 (2017),/en/subtitles/en-pitch-perfect-3-2017/Bz5F/download,/en/subtitles/en-pitch-perfect-3-2017/Bz5F/download
,,
,,
Winchester (2018),/en/subtitles/en-winchester-2018/O2pF/download,/en/subtitles/en-winchester-2018/O2pF/download
,,
Public Enemies (2009),/en/subtitles/en-public-enemies-2009/_skI/download,/en/subtitles/en-public-enemies-2009/_skI/download
American Made (2017),/en/subtitles/en-american-made-2017/pgZF/download,/en/subtitles/en-american-made-2017/pgZF/download
Goodfellas (1990),/en/subtitles/en-goodfellas-1990/v6M0/download,/en/subtitles/en-goodfellas-1990/m4gE/download
Only the Brave (2017),/en/subtitles/en-only-the-brave-2017/8S1F/download,/en/subtitles/en-only-the-brave-2017/8S1F/download
,,
Schindler's List (1993),/en/subtitles/en-schindler%27s-list-1993/T58R/download,/en/subtitles/en-schindler%27s-list-1993/T58R/download
Tombstone (1993),/en/subtitles/en-tombstone-1993/rAMT/download,/en/subtitles/en-tombstone-1993/rAMT/download
Hacksaw Ridge (2016),/en/subtitles/en-hacksaw-ridge-2016/ZAVD/download,/en/subtitles/en-hacksaw-ridge-2016/XARD/download
The Social Network (2010),/en/subtitles/en-the-social-network-2010/5ZAP/download,/en/subtitles/en-the-social-network-2010/36QO/download
Legend (2015),/en/subtitles/en-legend-2015/Rhw_/download,/en/subtitles/en-legend-2015/Bzc_/download
The Wolf of Wall Street (2013),/en/subtitles/en-the-wolf-of-wall-street-2013/yX8t/download,/en/subtitles/en-the-wolf-of-wall-street-2013/yX8t/download
Braveheart (1995),/en/subtitles/en-braveheart-1995/nmwE/download,/en/subtitles/en-braveheart-1995/nmwE/download
,,
The Disaster Artist (2017),/en/subtitles/en-the-disaster-artist-2017/2T9F/download,/en/subtitles/en-the-disaster-artist-2017/2T9F/download
,,
,,
Darkest Hour (2017),/en/subtitles/en-darkest-hour-2017/1ztF/download,/en/subtitles/en-darkest-hour-2017/1ztF/download
,,
"I, Tonya (2017)",/en/subtitles/en-i-tonya-2017/vURF/download,/en/subtitles/en-i-tonya-2017/vURF/download
The Post (2017),/en/subtitles/en-the-post-2017/cl9F/download,/en/subtitles/en-the-post-2017/cl9F/download
All the Money in the World (2017),/en/subtitles/en-all-the-money-in-the-world-2017/d1dF/download,/en/subtitles/en-all-the-money-in-the-world-2017/d1dF/download
Molly's Game (2017),/en/subtitles/en-molly%27s-game-2017/21tF/download,/en/subtitles/en-molly%27s-game-2017/21tF/download
The Iron Giant (1999),/en/subtitles/en-the-iron-giant-1999/0iMf/download,/en/subtitles/en-the-iron-giant-1999/0iMf/download
Cars 3 (2017),/en/subtitles/en-cars-3-2017/-_BE/download,/en/subtitles/en-cars-3-2017/-_BE/download
Frozen (2013),/en/subtitles/en-frozen-2013/0Cct/download,/en/subtitles/en-frozen-2013/S5Mq/download
,,
The Boss Baby (2017),/en/subtitles/en-the-boss-baby-2017/Op9E/download,/en/subtitles/en-the-boss-baby-2017/eJ5E/download
The Emoji Movie (2017),/en/subtitles/en-the-emoji-movie-2017/B_ZE/download,/en/subtitles/en-the-emoji-movie-2017/B_ZE/download
,,
Sing (2016),/en/subtitles/en-sing-street-2016/RvtA/download,/en/subtitles/en-sing-2016/IGVD/download
The Lion King (1994),/en/subtitles/en-the-lion-king-1994/X5g/download,/en/subtitles/en-the-lion-king-1994/X5g/download
Moana (2016),/en/subtitles/en-moana-2016/FSFD/download,/en/subtitles/en-moana-2016/AYpD/download
The Incredibles (2004),/en/subtitles/en-the-incredibles-2004/TjQv/download,/en/subtitles/en-the-incredibles-2004/TjQv/download
,,
Despicable Me 3 (2017),/en/subtitles/en-despicable-me-3-2017/n8VE/download,/en/subtitles/en-despicable-me-3-2017/n8VE/download
,,
Ferdinand (2017),/en/subtitles/en-ferdinand-2017/40ZF/download,/en/subtitles/en-ferdinand-2017/40ZF/download
Coco (2017),/en/subtitles/en-coco-2017/XzlF/download,/en/subtitles/en-coco-2017/XzlF/download
Annihilation (2018),/en/subtitles/en-annihilation-2018/PE5F/download,/en/subtitles/en-annihilation-2018/PE5F/download
The Shape of Water (2017),/en/subtitles/en-the-shape-of-water-2017/QkVF/download,/en/subtitles/en-the-shape-of-water-2017/QkVF/download
Spider-Man: Homecoming (2017),/en/subtitles/en-spider-man-homecoming-2017/ONVE/download,/en/subtitles/en-spider-man-homecoming-2017/ONVE/download
,,
The Commuter (2018),/en/subtitles/en-the-commuter-2018/rGBF/download,/en/subtitles/en-the-commuter-2018/rGBF/download
,,
,,
Den of Thieves (2018),/en/subtitles/en-den-of-thieves-2018/MmRF/download,/en/subtitles/en-den-of-thieves-2018/MmRF/download
,,
,,
Justice League (2017),/en/subtitles/en-justice-league-2017/N0NF/download,/en/subtitles/en-justice-league-2017/N0NF/download
,,
,,
Maze Runner: The Death Cure (2018),/en/subtitles/en-maze-runner-the-death-cure-2018/ZGdF/download,/en/subtitles/en-maze-runner-the-death-cure-2018/ZGdF/download
Thor: Ragnarok (2017),/en/subtitles/en-thor-ragnarok-2017/mipF/download,/en/subtitles/en-thor-ragnarok-2017/mipF/download
Star Wars: The Last Jedi (2017),/en/subtitles/en-star-wars-the-last-jedi-2017/G01F/download,/en/subtitles/en-star-wars-the-last-jedi-2017/G01F/download
,,
The Greatest Showman (2017),/en/subtitles/en-the-greatest-showman-2017/1lZF/download,/en/subtitles/en-the-greatest-showman-2017/1lZF/download
Black Panther (2018),,/en/subtitles/en-black-panther-2018/yUdF/download
,,
,,
,,
Troy (2004),/en/subtitles/en-troy-2004/kOUD/download,/en/subtitles/en-troy-2004/kOUD/download
Dunkirk (2017),/en/subtitles/en-dunkirk-2017/HgxF/download,/en/subtitles/en-dunkirk-2017/HgxF/download
,,
13 Hours: The Secret Soldiers of Benghazi (2016),/en/subtitles/en-13-hours-the-secret-soldiers-of-benghazi-2016/3JFA/download,/en/subtitles/en-13-hours-the-secret-soldiers-of-benghazi-2016/KKZA/download
,,
The Revenant (2015),/en/subtitles/en-the-revenant-2015/jdk_/download,/en/subtitles/en-the-revenant-2015/K-Q-/download
,,
12 Years a Slave (2013),/en/subtitles/en-12-years-a-slave-2013/g58s/download,/en/subtitles/en-12-years-a-slave-2013/bFMr/download
Marrowbone (2017),/en/subtitles/en-marrowbone-2017/jkBF/download,/en/subtitles/en-marrowbone-2017/jkBF/download
,,
,,
The Shining (1980),/en/subtitles/en-the-shining-1980/ciAF/download,/en/subtitles/en-the-shining-1980/MRg-/download
Friday the 13th (1980),/en/subtitles/en-friday-the-13th-1980/KvcU/download,/en/subtitles/en-friday-the-13th-1980/KvcU/download
The Dark Tower (2017),/en/subtitles/en-the-dark-tower-2017/Dt9E/download,/en/subtitles/en-the-dark-tower-2017/Dt9E/download
,,
Spinning Man (2018),/en/subtitles/en-spinning-man-2018/fWFF/download,/en/subtitles/en-spinning-man-2018/fWFF/download
Blade Runner 2049 (2017),/en/subtitles/en-blade-runner-2049-2017/iyBF/download,/en/subtitles/en-blade-runner-2049-2017/iyBF/download
Fifty Shades Freed (2018),,/en/subtitles/en-fifty-shades-freed-2018/qGJF/download
Forever My Girl (2018),/en/subtitles/en-forever-my-girl-2018/NWRF/download,/en/subtitles/en-forever-my-girl-2018/NWRF/download
,,
,,
Phantom Thread (2017),/en/subtitles/en-phantom-thread-2017/2V1F/download,/en/subtitles/en-phantom-thread-2017/2V1F/download
Call Me by Your Name (2017),/en/subtitles/en-call-me-by-your-name-2017/xj1F/download,/en/subtitles/en-call-me-by-your-name-2017/xj1F/download
,,
Mother! (2017),/en/subtitles/en-mother%21-2017/GA1F/download,/en/subtitles/en-mother%21-2017/GA1F/download
Il racconto dei racconti (2015),/en/subtitles/en-il-racconto-dei-racconti-2015/L0pB/download,/en/subtitles/en-il-racconto-dei-racconti-2015/JrY9/download
Split (2016),,/en/subtitles/en-split-2016/mj9D/download
Red Sparrow (2018),/en/subtitles/en-red-sparrow-2018/C2xF/download,/en/subtitles/en-red-sparrow-2018/EGNF/download
Deep Blue Sea 2 (2018),,/en/subtitles/en-deep-blue-sea-2-2018/qmNF/download
,,
Alien: Covenant (2017),/en/subtitles/en-alien-covenant-2017/RbNE/download,/en/subtitles/en-alien-covenant-2017/RbNE/download
,,
Insidious: The Last Key (2018),/en/subtitles/en-insidious-the-last-key-2018/llRF/download,/en/subtitles/en-insidious-the-last-key-2018/llRF/download
,,
,,
Tulip Fever (2017),/en/subtitles/en-tulip-fever-2017/o_1E/download,/en/subtitles/en-tulip-fever-2017/o_1E/download
Patriots Day (2016),/en/subtitles/en-patriots-day-2016/j_lC/download,/en/subtitles/en-patriots-day-2016/MIJD/download
,,
Lawrence of Arabia (1962),/en/subtitles/en-lawrence-of-arabia-1962/LTQd/download,/en/subtitles/en-lawrence-of-arabia-1962/LTQd/download
Gone with the Wind (1939),/en/subtitles/en-gone-with-the-wind-1939/jSQ2/download,/en/subtitles/en-gone-with-the-wind-1939/jSQ2/download
Spotlight (2015),/en/subtitles/en-spotlight-2015/nmA_/download,/en/subtitles/en-spotlight-2015/nmA_/download
Apollo 13 (1995),/en/subtitles/en-apollo-13-1995/f3IK/download,/en/subtitles/en-apollo-13-1995/lkNE/download
Get Out (2017),/en/subtitles/en-get-out-2017/JAlE/download,/en/subtitles/en-get-out-2017/JAlE/download
It (2017),/en/subtitles/en-it-2017/0BVF/download,/en/subtitles/en-it-2017/0BVF/download
,,
,,
Revolt (2017),/en/subtitles/en-revolt-2017/kyhF/download,/en/subtitles/en-revolt-2017/AKZE/download
Inglourious Basterds (2009),/en/subtitles/en-inglourious-basterds-2009/AkgJ/download,/en/subtitles/en-inglourious-basterds-2009/4zEI/download
Hell or High Water (2016),/en/subtitles/en-hell-or-high-water-2016/9RRC/download,/en/subtitles/en-hell-or-high-water-2016/TrJC/download
Cowboys & Aliens (2011),/en/subtitles/en-cowboys--aliens-2011/8OAU/download,/en/subtitles/en-cowboys--aliens-2011/8OAU/download
Westworld (1973),/en/subtitles/en-westworld-1973/2dor/download,/en/subtitles/en-westworld-1973/2dor/download
Blazing Saddles (1974),/en/subtitles/en-blazing-saddles-1974/rV0v/download,/en/subtitles/en-blazing-saddles-1974/rV0v/download
"Il buono, il brutto, il cattivo. (1966)",/en/subtitles/en-il-buono-il-brutto-il-cattivo-1966/yPwn/download,/en/subtitles/en-il-buono-il-brutto-il-cattivo-1966/yPwn/download
The Magnificent Seven (2016),/en/subtitles/en-the-magnificent-seven-2016/e1FC/download,/en/subtitles/en-the-magnificent-seven-2016/ZVxC/download
The Hateful Eight (2015),/en/subtitles/en-the-hateful-eight-2015/V6k_/download,/en/subtitles/en-the-hateful-eight-2015/V6k_/download
Django Unchained (2012),/en/subtitles/en-django-unchained-2012/sKoh/download,/en/subtitles/en-django-unchained-2012/sKoh/download
"Vita è bella, La (1997)",/en/subtitles/en-vita-e-bella-la-1997/6ooO/download,/en/subtitles/en-vita-e-bella-la-1997/6ooO/download
Back to the Future Part III (1990),/en/subtitles/en-back-to-the-future-part-iii-1990/83wS/download,/en/subtitles/en-back-to-the-future-part-iii-1990/83wS/download
"Mark of Zorro, The (1940)",/en/subtitles/en-mark-of-zorro-the-1940/WMYp/download,/en/subtitles/en-mark-of-zorro-the-1940/WMYp/download
How the West Was Won (1962),/en/subtitles/en-how-the-west-was-won-1962/-h0I/download,/en/subtitles/en-how-the-west-was-won-1962/-h0I/download
Abraham Lincoln: Vampire Hunter (2012),/en/subtitles/en-abraham-lincoln-vampire-hunter-2012/IWce/download,/en/subtitles/en-abraham-lincoln-vampire-hunter-2012/IWce/download
,,
,,
The Outlaw Josey Wales (1976),/en/subtitles/en-the-outlaw-josey-wales-1976/JhkT/download,/en/subtitles/en-the-outlaw-josey-wales-1976/JhkT/download
Legends of the Fall (1994),/en/subtitles/en-legends-of-the-fall-1994/-v4M/download,/en/subtitles/en-legends-of-the-fall-1994/V5gF/download
3:10 to Yuma (2007),/en/subtitles/en-310-to-yuma-2007/a3QE/download,/en/subtitles/en-310-to-yuma-2007/a3QE/download
Dances with Wolves (1990),/en/subtitles/en-dances-with-wolves-1990/w_gF/download,/en/subtitles/en-dances-with-wolves-1990/o7gE/download
Brimstone (2016),/en/subtitles/en-brimstone-2016/LKJD/download,/en/subtitles/en-brimstone-2016/-7JD/download
True Grit (2010),/en/subtitles/en-true-grit-2010/DuAP/download,/en/subtitles/en-true-grit-2010/DuAP/download
,,
Unforgiven (1992),/en/subtitles/en-unforgiven-1992/lJER/download,/en/subtitles/en-unforgiven-1992/dEZE/download
Red River (1948),/en/subtitles/en-red-river-1948/9i4/download,/en/subtitles/en-red-river-1948/9i4/download
Open Range (2003),/en/subtitles/en-open-range-2003/idsG/download,/en/subtitles/en-open-range-2003/idsG/download
C'era una volta il West (1968),/en/subtitles/en-c%27era-una-volta-il-west-1968/Z20S/download,/en/subtitles/en-c%27era-una-volta-il-west-1968/Z20S/download
Bone Tomahawk (2015),/en/subtitles/en-bone-tomahawk-2015/Zbk-/download,/en/subtitles/en-bone-tomahawk-2015/Zbk-/download
"Cowboys, The (1972)",/en/subtitles/en-cowboys-the-1972/NUcH/download,/en/subtitles/en-cowboys-the-1972/NUcH/download
Silverado (1985),/en/subtitles/en-silverado-1985/xakX/download,/en/subtitles/en-silverado-1985/xakX/download
Churchill (2017),/en/subtitles/en-churchill-2017/BtBE/download,/en/subtitles/en-churchill-2017/BtBE/download
Spartacus (1960),/en/subtitles/en-spartacus-1960/lFcI/download,/en/subtitles/en-spartacus-1960/vQA-/download
The Patriot (2000),/en/subtitles/en-the-patriot-2000/Y30F/download,/en/subtitles/en-the-patriot-2000/Y30F/download
Casablanca (1942),/en/subtitles/en-casablanca-1942/ebcN/download,/en/subtitles/en-casablanca-1942/ebcN/download
The Zookeeper's Wife (2017),/en/subtitles/en-the-zookeeper%27s-wife-2017/MG1E/download,/en/subtitles/en-the-zookeeper%27s-wife-2017/QD9C/download
Lone Survivor (2013),/en/subtitles/en-lone-survivor-2013/ywcu/download,/en/subtitles/en-lone-survivor-2013/0kMr/download
Dr. Strangelove or: How I Learned to Stop Worrying and Love the Bomb (1964),/en/subtitles/en-dr-strangelove-or-how-i-learned-to-stop-worrying-and-love-the-bomb-1964/LlYI/download,/en/subtitles/en-dr-strangelove-or-how-i-learned-to-stop-worrying-and-love-the-bomb-1964/LlYI/download
American Sniper (2014),/en/subtitles/en-american-sniper-2014/rpM8/download,/en/subtitles/en-american-sniper-2014/rpM8/download
HHhH (2017),/en/subtitles/en-hhhh-2017/O_pE/download,/en/subtitles/en-hhhh-2017/O_pE/download
The Deer Hunter (1978),/en/subtitles/en-the-deer-hunter-1978/EOYY/download,/en/subtitles/en-the-deer-hunter-1978/EOYY/download
"Pianist, The (2002)",/en/subtitles/en-pianist-the-2002/wn4F/download,/en/subtitles/en-pianist-the-2002/wn4F/download
Lincoln (2012),/en/subtitles/en-lincoln-2012/4Pcg/download,/en/subtitles/en-lincoln-2012/4Pcg/download
Cold Mountain (2003),/en/subtitles/en-cold-mountain-2003/uQkJ/download,/en/subtitles/en-cold-mountain-2003/uQkJ/download
Mudbound (2017),/en/subtitles/en-mudbound-2017/ZgBF/download,/en/subtitles/en-mudbound-2017/ZgBF/download
Atonement (2007),/en/subtitles/en-atonement-2007/hDQJ/download,/en/subtitles/en-atonement-2007/hDQJ/download
Stalag 17 (1953),/en/subtitles/en-stalag-17-1953/AQ0q/download,/en/subtitles/en-stalag-17-1953/AQ0q/download
,,
"Laberinto del Fauno, El (2006)",/en/subtitles/en-laberinto-del-fauno-el-2006/I0II/download,/en/subtitles/en-laberinto-del-fauno-el-2006/I0II/download
Full Metal Jacket (1987),/en/subtitles/en-full-metal-jacket-1987/fj8I/download,/en/subtitles/en-full-metal-jacket-1987/fj8I/download
Fury (2014),/en/subtitles/en-fury-2014/D005/download,/en/subtitles/en-fury-2014/D005/download
Body of Lies (2008),/en/subtitles/en-body-of-lies-2008/It8F/download,/en/subtitles/en-body-of-lies-2008/ftsF/download
Apocalypse Now (1979),/en/subtitles/en-apocalypse-now-1979/1KUD/download,/en/subtitles/en-apocalypse-now-1979/1KUD/download
Saving Private Ryan (1998),/en/subtitles/en-saving-private-ryan-1998/dv4x/download,/en/subtitles/en-saving-private-ryan-1998/dv4x/download
The Shawshank Redemption (1994),/en/subtitles/en-the-shawshank-redemption-1994/-9c3/download,/en/subtitles/en-the-shawshank-redemption-1994/-9c3/download
,,
It's a Wonderful Life (1946),/en/subtitles/en-it%27s-a-wonderful-life-1946/VCEJ/download,/en/subtitles/en-it%27s-a-wonderful-life-1946/VCEJ/download
The Silence of the Lambs (1991),/en/subtitles/en-the-silence-of-the-lambs-1991/wX8E/download,/en/subtitles/en-the-silence-of-the-lambs-1991/wX8E/download
Se7en (1995),/en/subtitles/en-se7en-1995/oR4y/download,/en/subtitles/en-se7en-1995/oR4y/download
Star Wars (1977),/en/subtitles/en-star-wars-1977/DagT/download,/en/subtitles/en-star-wars-1977/Ys4-/download
Cidade de Deus (2002),/en/subtitles/en-cidade-de-deus-2002/8BcJ/download,/en/subtitles/en-cidade-de-deus-2002/8BcJ/download
Shichinin no samurai (1954),/en/subtitles/en-shichinin-no-samurai-1954/s6MK/download,/en/subtitles/en-shichinin-no-samurai-1954/s6MK/download
The Matrix (1999),/en/subtitles/en-the-matrix-1999/ys0B/download,/en/subtitles/en-the-matrix-1999/ys0B/download
One Flew Over the Cuckoo's Nest (1975),/en/subtitles/en-one-flew-over-the-cuckoo%27s-nest-1975/KB4W/download,/en/subtitles/en-one-flew-over-the-cuckoo%27s-nest-1975/KB4W/download
The Lord of the Rings: The Two Towers (2002),/en/subtitles/en-the-lord-of-the-rings-the-two-towers-2002/iecS/download,/en/subtitles/en-the-lord-of-the-rings-the-two-towers-2002/iecS/download
Inception (2010),/en/subtitles/en-inception-2010/HOQO/download,/en/subtitles/en-inception-2010/HOQO/download
Star Wars: Episode V - The Empire Strikes Back (1980),/en/subtitles/en-star-wars-episode-v---the-empire-strikes-back-1980/WqQD/download,/en/subtitles/en-star-wars-episode-v---the-empire-strikes-back-1980/WqQD/download
Forrest Gump (1994),/en/subtitles/en-forrest-gump-1994/WeUF/download,/en/subtitles/en-forrest-gump-1994/WeUF/download
The Lord of the Rings: The Fellowship of the Ring (2001),/en/subtitles/en-the-lord-of-the-rings-the-fellowship-of-the-ring-2001/gLEb/download,/en/subtitles/en-the-lord-of-the-rings-the-fellowship-of-the-ring-2001/gLEb/download
Fight Club (1999),/en/subtitles/en-fight-club-1999/2HoH/download,/en/subtitles/en-fight-club-1999/2HoH/download
,,
,,
,,
,,
,,
,,
,,
,,
,,
,,
,,
,,
,,
Atomic Blonde (2017),/en/subtitles/en-atomic-blonde-2017/ifVE/download,/en/subtitles/en-atomic-blonde-2017/ifVE/download
,,
Father Figures (2017),/en/subtitles/en-father-figures-2017/R1ZF/download,/en/subtitles/en-father-figures-2017/R1ZF/download
Wind River (2017),/en/subtitles/en-wind-river-2017/iuBE/download,/en/subtitles/en-wind-river-2017/iuBE/download
Captain America: Civil War (2016),/en/subtitles/en-captain-america-civil-war-2016/QHFB/download,/en/subtitles/en-captain-america-civil-war-2016/de9B/download
The Thing (1982),/en/subtitles/en-the-thing-1982/rVwO/download,/en/subtitles/en-the-thing-1982/6K9B/download
Rebecca (1940),/en/subtitles/en-rebecca-1940/OQEW/download,/en/subtitles/en-rebecca-1940/OQEW/download
Butch Cassidy and the Sundance Kid (1969),/en/subtitles/en-butch-cassidy-and-the-sundance-kid-1969/N0oK/download,/en/subtitles/en-butch-cassidy-and-the-sundance-kid-1969/N0oK/download
Hachiko: A Dog's Story (2009),/en/subtitles/en-hachiko-a-dog%27s-story-2009/bq4K/download,/en/subtitles/en-hachiko-a-dog%27s-story-2009/bq4K/download
Before Sunrise (1995),/en/subtitles/en-before-sunrise-1995/M1A5/download,/en/subtitles/en-before-sunrise-1995/HN0B/download
Amores perros (2000),/en/subtitles/en-amores-perros-2000/ej4F/download,/en/subtitles/en-amores-perros-2000/ej4F/download
Logan Lucky (2017),/en/subtitles/en-logan-lucky-2017/pf1E/download,/en/subtitles/en-logan-lucky-2017/pf1E/download
Mad Max: Fury Road (2015),/en/subtitles/en-mad-max-fury-road-2015/Nwc9/download,/en/subtitles/en-mad-max-fury-road-2015/vrQ9/download
Les quatre cents coups (1959),/en/subtitles/en-les-quatre-cents-coups-1959/iDsV/download,/en/subtitles/en-les-quatre-cents-coups-1959/iDsV/download
Million Dollar Baby (2004),/en/subtitles/en-million-dollar-baby-2004/xyYG/download,/en/subtitles/en-million-dollar-baby-2004/xyYG/download
The Truman Show (1998),/en/subtitles/en-the-truman-show-1998/TyMT/download,/en/subtitles/en-the-truman-show-1998/fnoE/download
Salinui chueok (2003),/en/subtitles/en-salinui-chueok-2003/L9UI/download,/en/subtitles/en-salinui-chueok-2003/4uER/download
Persona (1966),/en/subtitles/en-persona-1966/nmUx/download,/en/subtitles/en-persona-1966/nmUx/download
Rush (2013),/en/subtitles/en-rush-2013/oVwr/download,/en/subtitles/en-rush-2013/oVwr/download
Jurassic Park (1993),/en/subtitles/en-jurassic-park-1993/lmoU/download,/en/subtitles/en-jurassic-park-1993/-P88/download
Ben-Hur (1959),/en/subtitles/en-ben-hur-1959/7qcD/download,/en/subtitles/en-ben-hur-1959/7qcD/download
"Salaire de la peur, Le (1953)",/en/subtitles/en-salaire-de-la-peur-le-1953/NxkM/download,/en/subtitles/en-salaire-de-la-peur-le-1953/NxkM/download
Stalker (1979),,/en/subtitles/en-stalker-1979/CfU8/download
The Grand Budapest Hotel (2014),/en/subtitles/en-the-grand-budapest-hotel-2014/p-Iw/download,/en/subtitles/en-the-grand-budapest-hotel-2014/p-Iw/download
Hotel Rwanda (2004),/en/subtitles/en-hotel-rwanda-2004/k1YP/download,/en/subtitles/en-hotel-rwanda-2004/k1YP/download
,,
The Bourne Ultimatum (2007),/en/subtitles/en-the-bourne-ultimatum-2007/7GkM/download,/en/subtitles/en-the-bourne-ultimatum-2007/7GkM/download
Dog Day Afternoon (1975),/en/subtitles/en-dog-day-afternoon-1975/W0cK/download,/en/subtitles/en-dog-day-afternoon-1975/W0cK/download
Trois couleurs: Rouge (1994),/en/subtitles/en-trois-couleurs-rouge-1994/sjUV/download,/en/subtitles/en-trois-couleurs-rouge-1994/sjUV/download
Akira (1988),/en/subtitles/en-akira-1988/4c8I/download,/en/subtitles/en-akira-1988/4c8I/download
Before Sunset (2004),/en/subtitles/en-before-sunset-2004/pwUI/download,/en/subtitles/en-before-sunset-2004/pwUI/download
"Battaglia di Algeri, La (1966)",/en/subtitles/en-battaglia-di-algeri-la-1966/cHUT/download,/en/subtitles/en-battaglia-di-algeri-la-1966/cHUT/download
Twelve Monkeys (1995),/en/subtitles/en-twelve-monkeys-1995/PccH/download,/en/subtitles/en-twelve-monkeys-1995/PccH/download
Mou gaan dou (2002),/en/subtitles/en-mou-gaan-dou-2002/z-U1/download,/en/subtitles/en-mou-gaan-dou-2002/z-U1/download
"Paris, Texas (1984)",/en/subtitles/en-paris-texas-1984/Vx07/download,/en/subtitles/en-paris-texas-1984/Vx07/download
"Best Years of Our Lives, The (1946)",/en/subtitles/en-best-years-of-our-lives-the-1946/eDUp/download,/en/subtitles/en-best-years-of-our-lives-the-1946/eDUp/download
The Help (2011),/en/subtitles/en-the-help-2011/ydgU/download,/en/subtitles/en-the-help-2011/ydgU/download
Fa yeung nin wa (2000),/en/subtitles/en-fa-yeung-nin-wa-2000/lRUg/download,/en/subtitles/en-fa-yeung-nin-wa-2000/lRUg/download
Jaws (1975),/en/subtitles/en-jaws-1975/3gcc/download,/en/subtitles/en-jaws-1975/GXs9/download
8½ (1963),/en/subtitles/en-812-1963/XK8C/download,/en/subtitles/en-812-1963/XK8C/download
Annie Hall (1977),/en/subtitles/en-annie-hall-1977/eG8E/download,/en/subtitles/en-annie-hall-1977/eG8E/download
Dead Poets Society (1989),/en/subtitles/en-dead-poets-society-1989/hdQc/download,/en/subtitles/en-dead-poets-society-1989/hdQc/download
"Wizard of Oz, The (1939)",/en/subtitles/en-wizard-of-oz-the-1939/SLcI/download,/en/subtitles/en-wizard-of-oz-the-1939/SLcI/download
Groundhog Day (1993),/en/subtitles/en-groundhog-day-1993/v28G/download,/en/subtitles/en-groundhog-day-1993/-Qw-/download
"Haine, La (1995)",/en/subtitles/en-haine-la-1995/x-UJ/download,/en/subtitles/en-haine-la-1995/x-UJ/download
The Terminator (1984),/en/subtitles/en-the-terminator-1984/kO8H/download,/en/subtitles/en-the-terminator-1984/kO8H/download
Gandhi (1982),/en/subtitles/en-gandhi-1982/4rI/download,/en/subtitles/en-gandhi-1982/4rI/download
Paper Moon (1973),/en/subtitles/en-paper-moon-1973/3qUh/download,/en/subtitles/en-paper-moon-1973/3qUh/download
Donnie Darko (2001),/en/subtitles/en-donnie-darko-2001/EpgE/download,/en/subtitles/en-donnie-darko-2001/BN48/download
Barry Lyndon (1975),/en/subtitles/en-barry-lyndon-1975/wVIS/download,/en/subtitles/en-barry-lyndon-1975/wVIS/download
"Diaboliques, Les (1955)",/en/subtitles/en-diaboliques-les-1955/QS8C/download,/en/subtitles/en-diaboliques-les-1955/QS8C/download
"Monsters, Inc. (2001)",/en/subtitles/en-monsters-inc-2001/HUIH/download,/en/subtitles/en-monsters-inc-2001/HUIH/download
"Grapes of Wrath, The (1940)",/en/subtitles/en-grapes-of-wrath-the-1940/dPol/download,/en/subtitles/en-grapes-of-wrath-the-1940/dPol/download
Rocky (1976),/en/subtitles/en-rocky-1976/uBIG/download,/en/subtitles/en-rocky-1976/uBIG/download
Harry Potter and the Deathly Hallows: Part 2 (2011),/en/subtitles/en-harry-potter-and-the-deathly-hallows-part-2-2011/an8U/download,/en/subtitles/en-harry-potter-and-the-deathly-hallows-part-2-2011/an8U/download
A Wednesday (2008),/en/subtitles/en-a-wednesday-2008/r4AF/download,/en/subtitles/en-a-wednesday-2008/r4AF/download
La La Land (2016),/en/subtitles/en-la-la-land-2016/SsdD/download,/en/subtitles/en-la-la-land-2016/TvFD/download
,,
Prisoners (2013),/en/subtitles/en-prisoners-2013/oisq/download,/en/subtitles/en-prisoners-2013/oisq/download
Stand by Me (1986),/en/subtitles/en-stand-by-me-1986/pz4R/download,/en/subtitles/en-stand-by-me-1986/pz4R/download
Network (1976),/en/subtitles/en-network-1976/RHYQ/download,/en/subtitles/en-network-1976/RHYQ/download
In the Name of the Father (1993),/en/subtitles/en-in-the-name-of-the-father-1993/0cIR/download,/en/subtitles/en-in-the-name-of-the-father-1993/LKoG/download
Platoon (1986),/en/subtitles/en-platoon-1986/h4AP/download,/en/subtitles/en-platoon-1986/h4AP/download
"Passion de Jeanne d'Arc, La (1928)",/en/subtitles/en-passion-de-jeanne-d%27arc-la-1928/K8gx/download,/en/subtitles/en-passion-de-jeanne-d%27arc-la-1928/K8gx/download
It Happened One Night (1934),/en/subtitles/en-it-happened-one-night-1934/AJc3/download,/en/subtitles/en-it-happened-one-night-1934/AJc3/download
Rang De Basanti (2006),/en/subtitles/en-rang-de-basanti-2006/FMMD/download,/en/subtitles/en-rang-de-basanti-2006/FMMD/download
Relatos salvajes (2014),/en/subtitles/en-relatos-salvajes-2014/5Nk6/download,/en/subtitles/en-relatos-salvajes-2014/DJE-/download
Life of Brian (1979),/en/subtitles/en-life-of-brian-1979/dvMH/download,/en/subtitles/en-life-of-brian-1979/dvMH/download
Gone Girl (2014),/en/subtitles/en-gone-girl-2014/Zrw4/download,/en/subtitles/en-gone-girl-2014/Zrw4/download
Andrey Rublyov (1966),/en/subtitles/en-andrey-rublyov-1966/-Kw/download,/en/subtitles/en-andrey-rublyov-1966/-Kw/download
Mary and Max (2009),/en/subtitles/en-mary-and-max-2009/VusI/download,/en/subtitles/en-mary-and-max-2009/VusI/download
How to Train Your Dragon (2010),/en/subtitles/en-how-to-train-your-dragon-2010/mIM3/download,/en/subtitles/en-how-to-train-your-dragon-2010/ezML/download
Shutter Island (2010),/en/subtitles/en-shutter-island-2010/d6IL/download,/en/subtitles/en-shutter-island-2010/avQK/download
Kill Bill: Vol. 1 (2003),/en/subtitles/en-kill-bill-vol-1-2003/M00I/download,/en/subtitles/en-kill-bill-vol-1-2003/gaBA/download
Tokyo Story (1953),/en/subtitles/en-tokyo-story-1953/jTo4/download,/en/subtitles/en-tokyo-story-1953/jTo4/download
Cool Hand Luke (1967),/en/subtitles/en-cool-hand-luke-1967/8R0S/download,/en/subtitles/en-cool-hand-luke-1967/8R0S/download
Sunrise: A Song of Two Humans (1927),/en/subtitles/en-sunrise-a-song-of-two-humans-1927/suUV/download,/en/subtitles/en-sunrise-a-song-of-two-humans-1927/suUV/download
Idi i smotri (1985),/en/subtitles/en-idi-i-smotri-1985/DCIQ/download,/en/subtitles/en-idi-i-smotri-1985/EWY6/download
The Big Lebowski (1998),/en/subtitles/en-the-big-lebowski-1998/dQg2/download,/en/subtitles/en-the-big-lebowski-1998/dQg2/download
There Will Be Blood (2007),/en/subtitles/en-there-will-be-blood-2007/wGgJ/download,/en/subtitles/en-there-will-be-blood-2007/wGgJ/download
Fargo (1996),/en/subtitles/en-fargo-1996/1GUu/download,/en/subtitles/en-fargo-1996/1GUu/download
The Sixth Sense (1999),/en/subtitles/en-the-sixth-sense-1999/UvoF/download,/en/subtitles/en-the-sixth-sense-1999/UvoF/download
No Country for Old Men (2007),/en/subtitles/en-no-country-for-old-men-2007/luQH/download,/en/subtitles/en-no-country-for-old-men-2007/ZLM8/download
Gran Torino (2008),/en/subtitles/en-gran-torino-2008/jm8H/download,/en/subtitles/en-gran-torino-2008/3J4F/download
Trainspotting (1996),/en/subtitles/en-trainspotting-1996/qlMI/download,/en/subtitles/en-trainspotting-1996/qlMI/download
Guardians of the Galaxy (2014),/en/subtitles/en-guardians-of-the-galaxy-2014/ZMc3/download,/en/subtitles/en-guardians-of-the-galaxy-2014/S35A/download
Downsizing (2017),/en/subtitles/en-downsizing-2017/GVVF/download,/en/subtitles/en-downsizing-2017/GVVF/download
,,
Warrior (2011),/en/subtitles/en-warrior-2011/wiUV/download,/en/subtitles/en-warrior-2011/wiUV/download
,,
"Sherlock, Jr. (1924)",/en/subtitles/en-sherlock-jr-1924/LsgK/download,/en/subtitles/en-sherlock-jr-1924/LsgK/download
Smultronstället (1957),/en/subtitles/en-smultronstallet-1957/_9Qf/download,/en/subtitles/en-smultronstallet-1957/_9Qf/download
Blade Runner (1982),/en/subtitles/en-blade-runner-1982/qBE8/download,/en/subtitles/en-blade-runner-1982/qBE8/download
V for Vendetta (2005),/en/subtitles/en-v-for-vendetta-2005/6n8F/download,/en/subtitles/en-v-for-vendetta-2005/y2oC/download
"Elephant Man, The (1980)",/en/subtitles/en-elephant-man-the-1980/7HIJ/download,/en/subtitles/en-elephant-man-the-1980/7HIJ/download
Mr. Smith Goes to Washington (1939),/en/subtitles/en-mr-smith-goes-to-washington-1939/8OA3/download,/en/subtitles/en-mr-smith-goes-to-washington-1939/8OA3/download
Green Room (2015),/en/subtitles/en-room-2015/ZXM_/download,/en/subtitles/en-green-room-2015/lfdA/download
Casino (1995),/en/subtitles/en-casino-1995/6VAI/download,/en/subtitles/en-casino-1995/6VAI/download
A Beautiful Mind (2001),/en/subtitles/en-a-beautiful-mind-2001/6Agk/download,/en/subtitles/en-a-beautiful-mind-2001/bMUD/download
"Lock, Stock and Two Smoking Barrels (1998)",/en/subtitles/en-lock-stock-and-two-smoking-barrels-1998/SAA6/download,/en/subtitles/en-lock-stock-and-two-smoking-barrels-1998/SAA6/download
"Sjunde inseglet, Det (1957)",/en/subtitles/en-sjunde-inseglet-det-1957/HQYJ/download,/en/subtitles/en-sjunde-inseglet-det-1957/HQYJ/download
On the Waterfront (1954),/en/subtitles/en-on-the-waterfront-1954/xNMx/download,/en/subtitles/en-on-the-waterfront-1954/xNMx/download
"Bridge on the River Kwai, The (1957)",/en/subtitles/en-bridge-on-the-river-kwai-the-1957/gVYT/download,/en/subtitles/en-bridge-on-the-river-kwai-the-1957/gVYT/download
Hauru no ugoku shiro (2004),/en/subtitles/en-hauru-no-ugoku-shiro-2004/se4U/download,/en/subtitles/en-hauru-no-ugoku-shiro-2004/6HcX/download
The Gold Rush (1925),/en/subtitles/en-the-gold-rush-1925/EMIa/download,/en/subtitles/en-the-gold-rush-1925/EMIa/download
El secreto de sus ojos (2009),/en/subtitles/en-el-secreto-de-sus-ojos-2009/lPQ4/download,/en/subtitles/en-el-secreto-de-sus-ojos-2009/lPQ4/download
Judgment at Nuremberg (1961),/en/subtitles/en-judgment-at-nuremberg-1961/sSUv/download,/en/subtitles/en-judgment-at-nuremberg-1961/sSUv/download
Ran (1985),/en/subtitles/en-ran-1985/2CQK/download,/en/subtitles/en-ran-1985/2CQK/download
Tonari no Totoro (1988),/en/subtitles/en-tonari-no-totoro-1988/V2sb/download,/en/subtitles/en-tonari-no-totoro-1988/V2sb/download
Incendies (2010),/en/subtitles/en-incendies-2010/GWoR/download,/en/subtitles/en-incendies-2010/GWoR/download
Chinatown (1974),/en/subtitles/en-chinatown-1974/vggd/download,/en/subtitles/en-chinatown-1974/vggd/download
,,
,,
,,
,,
,,
Tees Maar Khan (2010),,/en/subtitles/en-tees-maar-khan-2010/sdoP/download
,,
Dragonball Evolution (2009),/en/subtitles/en-dragonball-evolution-2009/5QQH/download,/en/subtitles/en-dragonball-evolution-2009/5QQH/download
,,
,,
,,
Baby Geniuses (1999),/en/subtitles/en-baby-geniuses-1999/dRA/download,/en/subtitles/en-baby-geniuses-1999/dRA/download
,,
Lady Bird (2017),/en/subtitles/en-lady-bird-2017/1DtF/download,/en/subtitles/en-lady-bird-2017/1DtF/download
,,
Bacheha-Ye aseman (1997),/en/subtitles/en-bacheha-ye-aseman-1997/T8g8/download,/en/subtitles/en-bacheha-ye-aseman-1997/T8g8/download
The Great Escape (1963),/en/subtitles/en-the-great-escape-1963/tlEQ/download,/en/subtitles/en-the-great-escape-1963/eXUH/download
Ikiru (1952),/en/subtitles/en-ikiru-1952/5cIr/download,/en/subtitles/en-ikiru-1952/5cIr/download
Raging Bull (1980),/en/subtitles/en-raging-bull-1980/svoF/download,/en/subtitles/en-raging-bull-1980/svoF/download
Heat (1995),/en/subtitles/en-heat-1995/tCoF/download,/en/subtitles/en-heat-1995/E1oG/download
Die Hard (1988),/en/subtitles/en-die-hard-1988/Dt44/download,/en/subtitles/en-die-hard-1988/Dt44/download
Der Untergang (2004),/en/subtitles/en-der-untergang-2004/GuYG/download,/en/subtitles/en-der-untergang-2004/GuYG/download
The Treasure of the Sierra Madre (1948),/en/subtitles/en-the-treasure-of-the-sierra-madre-1948/FsgO/download,/en/subtitles/en-the-treasure-of-the-sierra-madre-1948/FsgO/download
Some Like It Hot (1959),/en/subtitles/en-some-like-it-hot-1959/CQ4S/download,/en/subtitles/en-some-like-it-hot-1959/CQ4S/download
Batman Begins (2005),/en/subtitles/en-batman-begins-2005/W4EE/download,/en/subtitles/en-batman-begins-2005/W4EE/download
All About Eve (1950),/en/subtitles/en-all-about-eve-1950/7J0Q/download,/en/subtitles/en-all-about-eve-1950/7J0Q/download
Yojimbo (1961),/en/subtitles/en-yojimbo-1961/N_gK/download,/en/subtitles/en-yojimbo-1961/N_gK/download
Indiana Jones and the Last Crusade (1989),/en/subtitles/en-indiana-jones-and-the-last-crusade-1989/_Wsd/download,/en/subtitles/en-indiana-jones-and-the-last-crusade-1989/_Wsd/download
Rashômon (1950),/en/subtitles/en-rashomon-1950/sWgN/download,/en/subtitles/en-rashomon-1950/PUw9/download
Jodaeiye Nader az Simin (2011),/en/subtitles/en-jodaeiye-nader-az-simin-2011/LVwV/download,/en/subtitles/en-jodaeiye-nader-az-simin-2011/v1UV/download
Metropolis (1927),/en/subtitles/en-metropolis-1927/ouYO/download,/en/subtitles/en-metropolis-1927/x8gD/download
The Apartment (1960),/en/subtitles/en-the-apartment-1960/QFQW/download,/en/subtitles/en-the-apartment-1960/QFQW/download
L.A. Confidential (1997),/en/subtitles/en-la-confidential-1997/2QQJ/download,/en/subtitles/en-la-confidential-1997/2QQJ/download
Per qualche dollaro in più (1965),/en/subtitles/en-per-qualche-dollaro-in-piu-1965/PqQI/download,/en/subtitles/en-per-qualche-dollaro-in-piu-1965/9mND/download
Lawnmower Man 2: Beyond Cyberspace (1996),/en/subtitles/en-lawnmower-man-2-beyond-cyberspace-1996/RMQE/download,/en/subtitles/en-lawnmower-man-2-beyond-cyberspace-1996/RMQE/download
,,
,,
,,
,,
,,
,,
Battlefield Earth: A Saga of the Year 3000 (2000),/en/subtitles/en-battlefield-earth-a-saga-of-the-year-3000-2000/cnEI/download,/en/subtitles/en-battlefield-earth-a-saga-of-the-year-3000-2000/cnEI/download
Gigli (2003),/en/subtitles/en-gigli-2003/Rn4G/download,/en/subtitles/en-gigli-2003/Rn4G/download
,,
,,
The Oogieloves in the Big Balloon Adventure (2012),/en/subtitles/en-the-oogieloves-in-the-big-balloon-adventure-2012/hEU4/download,/en/subtitles/en-the-oogieloves-in-the-big-balloon-adventure-2012/hEU4/download
,,
,,
Alone in the Dark (2005),/en/subtitles/en-alone-in-the-dark-2005/ZoAH/download,/en/subtitles/en-alone-in-the-dark-2005/ZoAH/download
,,
,,
Monty Python and the Holy Grail (1975),/en/subtitles/en-monty-python-and-the-holy-grail-1975/WggF/download,/en/subtitles/en-monty-python-and-the-holy-grail-1975/uTJD/download
Jagten (2012),/en/subtitles/en-jagten-2012/V8kj/download,/en/subtitles/en-jagten-2012/V8kj/download
Good Will Hunting (1997),/en/subtitles/en-good-will-hunting-1997/QRAw/download,/en/subtitles/en-good-will-hunting-1997/QRAw/download
Snatch. (2000),/en/subtitles/en-snatch-2000/dLkI/download,/en/subtitles/en-snatch-2000/dLkI/download
Toy Story 3 (2010),/en/subtitles/en-toy-story-3-2010/rh0j/download,/en/subtitles/en-toy-story-3-2010/rh0j/download
The Kid (1921),/en/subtitles/en-kid-the-1921/iSkI/download,/en/subtitles/en-the-kid-1921/DiVC/download
The Sting (1973),/en/subtitles/en-the-sting-1973/W6c2/download,/en/subtitles/en-the-sting-1973/zjcw/download
Ladri di biciclette (1948),/en/subtitles/en-ladri-di-biciclette-1948/VGYB/download,/en/subtitles/en-ladri-di-biciclette-1948/VGYB/download
To Kill a Mockingbird (1962),/en/subtitles/en-to-kill-a-mockingbird-1962/8pIG/download,/en/subtitles/en-to-kill-a-mockingbird-1962/8pIG/download
2001: A Space Odyssey (1968),/en/subtitles/en-2001-a-space-odyssey-1968/nh0T/download,/en/subtitles/en-2001-a-space-odyssey-1968/t-EU/download
3 Idiots (2009),/en/subtitles/en-3-idiots-2009/G30P/download,/en/subtitles/en-3-idiots-2009/DuMJ/download
Singin' in the Rain (1952),/en/subtitles/en-singin%27-in-the-rain-1952/ZdAu/download,/en/subtitles/en-singin%27-in-the-rain-1952/ZdAu/download
Taxi Driver (1976),/en/subtitles/en-taxi-driver-1976/ClYg/download,/en/subtitles/en-taxi-driver-1976/ClYg/download
Eternal Sunshine of the Spotless Mind (2004),/en/subtitles/en-eternal-sunshine-of-the-spotless-mind-2004/ZbQR/download,/en/subtitles/en-eternal-sunshine-of-the-spotless-mind-2004/ZbQR/download
A Clockwork Orange (1971),/en/subtitles/en-a-clockwork-orange-1971/JuQR/download,/en/subtitles/en-a-clockwork-orange-1971/JuQR/download
,,
Amadeus (1984),/en/subtitles/en-amadeus-1984/vXcF/download,/en/subtitles/en-amadeus-1984/vXcF/download
,,
Requiem for a Dream (2000),/en/subtitles/en-requiem-for-a-dream-2000/MK8L/download,/en/subtitles/en-requiem-for-a-dream-2000/MK8L/download
,,
Dangal (2016),,/en/subtitles/en-dangal-2016/fl1E/download
M (1931),/en/subtitles/en-m-1931/3TIS/download,/en/subtitles/en-m-1931/3TIS/download
Star Wars: Episode VI - Return of the Jedi (1983),/en/subtitles/en-star-wars-episode-vi---return-of-the-jedi-1983/magT/download,/en/subtitles/en-star-wars-episode-vi---return-of-the-jedi-1983/magT/download
Reservoir Dogs (1992),/en/subtitles/en-reservoir-dogs-1992/fUw2/download,/en/subtitles/en-reservoir-dogs-1992/fUw2/download
Epic Movie (2007),/en/subtitles/en-epic-movie-2007/FmYF/download,/en/subtitles/en-epic-movie-2007/FmYF/download
,,
,,
Surf School (2006),/en/subtitles/en-surf-school-2006/kYsD/download,/en/subtitles/en-surf-school-2006/kYsD/download
,,
,,
Crossover (2006),/en/subtitles/en-crossover-2006/g10D/download,/en/subtitles/en-crossover-2006/g10D/download
,,
Son of the Mask (2005),/en/subtitles/en-son-of-the-mask-2005/hZ0B/download,/en/subtitles/en-son-of-the-mask-2005/hZ0B/download
,,
,,
Who's Your Caddy? (2007),/en/subtitles/en-who%27s-your-caddy-2007/9vED/download,/en/subtitles/en-who%27s-your-caddy-2007/9vED/download
Humshakals (2014),/en/subtitles/en-humshakals-2014/-ek1/download,/en/subtitles/en-humshakals-2014/-ek1/download
House of the Dead (2003),/en/subtitles/en-house-of-the-dead-2003/smYS/download,/en/subtitles/en-house-of-the-dead-2003/smYS/download
Himmatwala (2013),,/en/subtitles/en-himmatwala-2013/8Skm/download
Xiaohai bu ben (2002),/en/subtitles/en-xiaohai-bu-ben-2002/oI4C/download,/en/subtitles/en-xiaohai-bu-ben-2002/oI4C/download
Vertigo (1958),/en/subtitles/en-vertigo-1958/QUkf/download,/en/subtitles/en-vertigo-1958/QUkf/download
North by Northwest (1959),/en/subtitles/en-north-by-northwest-1959/x8Az/download,/en/subtitles/en-north-by-northwest-1959/x8Az/download
Citizen Kane (1941),/en/subtitles/en-citizen-kane-1941/EqwT/download,/en/subtitles/en-citizen-kane-1941/EqwT/download
"Boot, Das (1981)",/en/subtitles/en-boot-das-1981/qioO/download,/en/subtitles/en-boot-das-1981/qioO/download
Once Upon a Time in America (1984),/en/subtitles/en-once-upon-a-time-in-america-1984/z98P/download,/en/subtitles/en-once-upon-a-time-in-america-1984/tIA-/download
Aliens (1986),/en/subtitles/en-aliens-1986/bPoN/download,/en/subtitles/en-aliens-1986/bPoN/download
Oldboy (2003),/en/subtitles/en-oldboy-2003/_DMH/download,/en/subtitles/en-oldboy-2003/_DMH/download
Witness for the Prosecution (1957),/en/subtitles/en-witness-for-the-prosecution-1957/8hw/download,/en/subtitles/en-witness-for-the-prosecution-1957/8hw/download
The Dark Knight Rises (2012),/en/subtitles/en-the-dark-knight-rises-2012/aaMf/download,/en/subtitles/en-the-dark-knight-rises-2012/aaMf/download
American Beauty (1999),/en/subtitles/en-american-beauty-1999/a6IO/download,/en/subtitles/en-american-beauty-1999/a6IO/download
Mononoke-hime (1997),/en/subtitles/en-mononoke-hime-1997/hDY/download,/en/subtitles/en-mononoke-hime-1997/hDY/download
,,
Paths of Glory (1957),/en/subtitles/en-paths-of-glory-1957/HLg6/download,/en/subtitles/en-paths-of-glory-1957/HLg6/download
Das Leben der Anderen (2006),/en/subtitles/en-das-leben-der-anderen-2006/gvsO/download,/en/subtitles/en-das-leben-der-anderen-2006/gvsO/download
Hotaru no haka (1988),/en/subtitles/en-hotaru-no-haka-1988/TYQb/download,/en/subtitles/en-hotaru-no-haka-1988/TYQb/download
Nuovo Cinema Paradiso (1988),/en/subtitles/en-nuovo-cinema-paradiso-1988/qdw3/download,/en/subtitles/en-nuovo-cinema-paradiso-1988/w1Q9/download
"Great Dictator, The (1940)",/en/subtitles/en-great-dictator-the-1940/EawR/download,/en/subtitles/en-great-dictator-the-1940/EawR/download
Alien (1979),/en/subtitles/en-alien-1979/UDsp/download,/en/subtitles/en-alien-1979/UDsp/download
,,
,,
,,
From Justin to Kelly (2003),/en/subtitles/en-from-justin-to-kelly-2003/GxI/download,/en/subtitles/en-from-justin-to-kelly-2003/GxI/download
The Hottie and the Nottie (2008),/en/subtitles/en-the-hottie-and-the-nottie-2008/bVQE/download,/en/subtitles/en-the-hottie-and-the-nottie-2008/bVQE/download
Disaster Movie (2008),/en/subtitles/en-disaster-movie-2008/4V4F/download,/en/subtitles/en-disaster-movie-2008/4V4F/download
,,
,,
,,
,,
,,
,,
Pledge This! (2006),/en/subtitles/en-pledge-this%21-2006/-sgC/download,/en/subtitles/en-pledge-this%21-2006/-sgC/download
,,
,,
SuperBabies: Baby Geniuses 2 (2004),/en/subtitles/en-superbabies-baby-geniuses-2-2004/KV4B/download,/en/subtitles/en-superbabies-baby-geniuses-2-2004/KV4B/download
,,
Memento (2000),/en/subtitles/en-memento-2000/-SYB/download,/en/subtitles/en-memento-2000/-SYB/download
The Prestige (2006),/en/subtitles/en-the-prestige-2006/5CcH/download,/en/subtitles/en-the-prestige-2006/6-YC/download
Gladiator (2000),/en/subtitles/en-gladiator-2000/0aUD/download,/en/subtitles/en-gladiator-2000/aCwH/download
Whiplash (2014),/en/subtitles/en-whiplash-2014/Chw5/download,/en/subtitles/en-whiplash-2014/Chw5/download
Back to the Future (1985),/en/subtitles/en-back-to-the-future-1985/23wS/download,/en/subtitles/en-back-to-the-future-1985/23wS/download
Rear Window (1954),/en/subtitles/en-rear-window-1954/_9Ey/download,/en/subtitles/en-rear-window-1954/_9Ey/download
Raiders of the Lost Ark (1981),/en/subtitles/en-raiders-of-the-lost-ark-1981/62cd/download,/en/subtitles/en-raiders-of-the-lost-ark-1981/62cd/download
Terminator 2: Judgment Day (1991),/en/subtitles/en-terminator-2-judgment-day-1991/WYEI/download,/en/subtitles/en-terminator-2-judgment-day-1991/WYEI/download
The Departed (2006),/en/subtitles/en-the-departed-2006/mnAh/download,/en/subtitles/en-the-departed-2006/3m8E/download
Modern Times (1936),/en/subtitles/en-modern-times-1936/c24U/download,/en/subtitles/en-modern-times-1936/c24U/download
Intouchables (2011),/en/subtitles/en-intouchables-2011/aI0X/download,/en/subtitles/en-intouchables-2011/aI0X/download
City Lights (1931),/en/subtitles/en-city-lights-1931/q-sO/download,/en/subtitles/en-city-lights-1931/RzQy/download
Psycho (1960),/en/subtitles/en-psycho-1960/1aoM/download,/en/subtitles/en-psycho-1960/-MEE/download
American History X (1998),/en/subtitles/en-american-history-x-1998/lUEI/download,/en/subtitles/en-american-history-x-1998/lUEI/download
The Green Mile (1999),/en/subtitles/en-the-green-mile-1999/0v4E/download,/en/subtitles/en-the-green-mile-1999/0v4E/download
Interstellar (2014),/en/subtitles/en-interstellar-2014/Onw7/download,/en/subtitles/en-interstellar-2014/-NQ3/download
,,
The Usual Suspects (1995),/en/subtitles/en-the-usual-suspects-1995/d440/download,/en/subtitles/en-the-usual-suspects-1995/A08B/download
Pulp Fiction (1994),/en/subtitles/en-pulp-fiction-1994/S8YG/download,/en/subtitles/en-pulp-fiction-1994/FLY4/download
The Lord of the Rings: The Return of the King (2003),/en/subtitles/en-the-lord-of-the-rings-the-return-of-the-king-2003/eWo3/download,/en/subtitles/en-the-lord-of-the-rings-the-return-of-the-king-2003/eWo3/download
12 Angry Men (1957),/en/subtitles/en-12-angry-men-1957/cxE/download,/en/subtitles/en-12-angry-men-1957/cxE/download
The Dark Knight (2008),/en/subtitles/en-the-dark-knight-2008/Vg4F/download,/en/subtitles/en-the-dark-knight-2008/Vg4F/download
The Godfather: Part II (1974),/en/subtitles/en-the-godfather-part-ii-1974/7ywG/download,/en/subtitles/en-the-godfather-part-ii-1974/hHoG/download
The Godfather (1972),/en/subtitles/en-the-godfather-1972/4CAH/download,/en/subtitles/en-the-godfather-1972/6IgF/download
